image_id_left,image_id_right,lesion_id_left,lesion_id_right,class_left,class_right,source_left,source_right,path_left,path_right,hash_distance,same_lesion,cross_lesion,cross_class,cross_source
ISIC_0024333,ISIC_0024630,HAM_0007511,HAM_0007511,mel,mel,rosendahl,rosendahl,images/ISIC_0024333.jpg,images/ISIC_0024630.jpg,0,True,False,False,False
ISIC_0024394,ISIC_0029516,HAM_0002547,HAM_0002547,nv,nv,vienna_dias,vienna_dias,images/ISIC_0024394.jpg,images/ISIC_0029516.jpg,0,True,False,False,False
ISIC_0024658,ISIC_0026272,HAM_0003127,HAM_0003127,nv,nv,vienna_dias,vienna_dias,images/ISIC_0024658.jpg,images/ISIC_0026272.jpg,0,True,False,False,False
ISIC_0024753,ISIC_0027519,HAM_0004895,HAM_0004895,nv,nv,vienna_dias,vienna_dias,images/ISIC_0024753.jpg,images/ISIC_0027519.jpg,0,True,False,False,False
ISIC_0024870,ISIC_0025386,HAM_0003686,HAM_0003686,nv,nv,vienna_dias,vienna_dias,images/ISIC_0024870.jpg,images/ISIC_0025386.jpg,0,True,False,False,False
ISIC_0024908,ISIC_0030079,HAM_0003241,HAM_0003241,nv,nv,rosendahl,rosendahl,images/ISIC_0024908.jpg,images/ISIC_0030079.jpg,0,True,False,False,False
ISIC_0024928,ISIC_0027887,HAM_0004239,HAM_0004239,nv,nv,vienna_dias,vienna_dias,images/ISIC_0024928.jpg,images/ISIC_0027887.jpg,0,True,False,False,False
ISIC_0024938,ISIC_0025231,HAM_0001817,HAM_0001817,nv,nv,vienna_dias,vienna_dias,images/ISIC_0024938.jpg,images/ISIC_0025231.jpg,0,True,False,False,False
ISIC_0024999,ISIC_0025512,HAM_0001986,HAM_0001986,mel,mel,vienna_dias,vienna_dias,images/ISIC_0024999.jpg,images/ISIC_0025512.jpg,0,True,False,False,False
ISIC_0026487,ISIC_0031984,HAM_0006430,HAM_0006430,nv,nv,vienna_dias,vienna_dias,images/ISIC_0026487.jpg,images/ISIC_0031984.jpg,0,True,False,False,False
ISIC_0027208,ISIC_0029504,HAM_0001715,HAM_0001715,nv,nv,vienna_dias,vienna_dias,images/ISIC_0027208.jpg,images/ISIC_0029504.jpg,0,True,False,False,False
ISIC_0027398,ISIC_0032407,HAM_0001567,HAM_0001567,nv,nv,vienna_dias,vienna_dias,images/ISIC_0027398.jpg,images/ISIC_0032407.jpg,0,True,False,False,False
ISIC_0027596,ISIC_0031541,HAM_0004007,HAM_0004007,nv,nv,vienna_dias,vienna_dias,images/ISIC_0027596.jpg,images/ISIC_0031541.jpg,0,True,False,False,False
ISIC_0027989,ISIC_0029548,HAM_0000113,HAM_0000113,bkl,bkl,vienna_dias,vienna_dias,images/ISIC_0027989.jpg,images/ISIC_0029548.jpg,0,True,False,False,False
ISIC_0028737,ISIC_0030057,HAM_0001157,HAM_0001157,nv,nv,vienna_dias,vienna_dias,images/ISIC_0028737.jpg,images/ISIC_0030057.jpg,0,True,False,False,False
ISIC_0030444,ISIC_0030973,HAM_0004923,HAM_0004923,nv,nv,rosendahl,rosendahl,images/ISIC_0030444.jpg,images/ISIC_0030973.jpg,0,True,False,False,False
ISIC_0032228,ISIC_0033598,HAM_0003984,HAM_0005496,nv,nv,vidir_molemax,vidir_modern,images/ISIC_0032228.jpg,images/ISIC_0033598.jpg,0,False,True,False,True
ISIC_0024349,ISIC_0026126,HAM_0000025,HAM_0000025,nv,nv,vienna_dias,vienna_dias,images/ISIC_0024349.jpg,images/ISIC_0026126.jpg,2,True,False,False,False
ISIC_0024404,ISIC_0032183,HAM_0005076,HAM_0007351,nv,nv,vidir_molemax,vidir_molemax,images/ISIC_0024404.jpg,images/ISIC_0032183.jpg,2,False,True,False,False
ISIC_0024437,ISIC_0032612,HAM_0002566,HAM_0000402,nv,nv,vidir_modern,vidir_modern,images/ISIC_0024437.jpg,images/ISIC_0032612.jpg,2,False,True,False,False
ISIC_0024538,ISIC_0025208,HAM_0000397,HAM_0000397,nv,nv,vienna_dias,vienna_dias,images/ISIC_0024538.jpg,images/ISIC_0025208.jpg,2,True,False,False,False
ISIC_0024608,ISIC_0030841,HAM_0000231,HAM_0000231,nv,nv,vienna_dias,vienna_dias,images/ISIC_0024608.jpg,images/ISIC_0030841.jpg,2,True,False,False,False
ISIC_0024658,ISIC_0028957,HAM_0003127,HAM_0003127,nv,nv,vienna_dias,vienna_dias,images/ISIC_0024658.jpg,images/ISIC_0028957.jpg,2,True,False,False,False
ISIC_0024823,ISIC_0024962,HAM_0004779,HAM_0004779,mel,mel,vienna_dias,vienna_dias,images/ISIC_0024823.jpg,images/ISIC_0024962.jpg,2,True,False,False,False
ISIC_0024928,ISIC_0029450,HAM_0004239,HAM_0004239,nv,nv,vienna_dias,vienna_dias,images/ISIC_0024928.jpg,images/ISIC_0029450.jpg,2,True,False,False,False
ISIC_0024938,ISIC_0030065,HAM_0001817,HAM_0001817,nv,nv,vienna_dias,vienna_dias,images/ISIC_0024938.jpg,images/ISIC_0030065.jpg,2,True,False,False,False
ISIC_0025000,ISIC_0028963,HAM_0001643,HAM_0002423,nv,nv,rosendahl,rosendahl,images/ISIC_0025000.jpg,images/ISIC_0028963.jpg,2,False,True,False,False
ISIC_0025170,ISIC_0031811,HAM_0003113,HAM_0003113,nv,nv,vienna_dias,vienna_dias,images/ISIC_0025170.jpg,images/ISIC_0031811.jpg,2,True,False,False,False
ISIC_0025201,ISIC_0028047,HAM_0000377,HAM_0002621,nv,nv,vidir_molemax,vidir_molemax,images/ISIC_0025201.jpg,images/ISIC_0028047.jpg,2,False,True,False,False
ISIC_0025226,ISIC_0030074,HAM_0004919,HAM_0000140,nv,nv,vienna_dias,vienna_dias,images/ISIC_0025226.jpg,images/ISIC_0030074.jpg,2,False,True,False,False
ISIC_0025231,ISIC_0030065,HAM_0001817,HAM_0001817,nv,nv,vienna_dias,vienna_dias,images/ISIC_0025231.jpg,images/ISIC_0030065.jpg,2,True,False,False,False
ISIC_0025375,ISIC_0026819,HAM_0007600,HAM_0007112,nv,nv,vidir_molemax,vidir_modern,images/ISIC_0025375.jpg,images/ISIC_0026819.jpg,2,False,True,False,True
ISIC_0025434,ISIC_0028165,HAM_0001878,HAM_0001878,bkl,bkl,rosendahl,rosendahl,images/ISIC_0025434.jpg,images/ISIC_0028165.jpg,2,True,False,False,False
ISIC_0025534,ISIC_0027338,HAM_0000163,HAM_0000163,nv,nv,vienna_dias,vienna_dias,images/ISIC_0025534.jpg,images/ISIC_0027338.jpg,2,True,False,False,False
ISIC_0025713,ISIC_0033018,HAM_0003178,HAM_0007415,nv,nv,vidir_modern,vidir_modern,images/ISIC_0025713.jpg,images/ISIC_0033018.jpg,2,False,True,False,False
ISIC_0025816,ISIC_0028272,HAM_0007122,HAM_0001306,nv,nv,vidir_modern,vidir_modern,images/ISIC_0025816.jpg,images/ISIC_0028272.jpg,2,False,True,False,False
ISIC_0026116,ISIC_0030556,HAM_0002855,HAM_0001771,nv,nv,vidir_molemax,vidir_molemax,images/ISIC_0026116.jpg,images/ISIC_0030556.jpg,2,False,True,False,False
ISIC_0026165,ISIC_0028504,HAM_0005950,HAM_0006910,nv,nv,vidir_molemax,rosendahl,images/ISIC_0026165.jpg,images/ISIC_0028504.jpg,2,False,True,False,True
ISIC_0026203,ISIC_0031302,HAM_0003895,HAM_0001846,akiec,nv,rosendahl,rosendahl,images/ISIC_0026203.jpg,images/ISIC_0031302.jpg,2,False,True,True,False
ISIC_0026272,ISIC_0028957,HAM_0003127,HAM_0003127,nv,nv,vienna_dias,vienna_dias,images/ISIC_0026272.jpg,images/ISIC_0028957.jpg,2,True,False,False,False
ISIC_0026305,ISIC_0028454,HAM_0002216,HAM_0002216,nv,nv,vienna_dias,vienna_dias,images/ISIC_0026305.jpg,images/ISIC_0028454.jpg,2,True,False,False,False
ISIC_0026328,ISIC_0029334,HAM_0002881,HAM_0002881,nv,nv,vienna_dias,vienna_dias,images/ISIC_0026328.jpg,images/ISIC_0029334.jpg,2,True,False,False,False
ISIC_0026455,ISIC_0031839,HAM_0001027,HAM_0001027,nv,nv,vienna_dias,vienna_dias,images/ISIC_0026455.jpg,images/ISIC_0031839.jpg,2,True,False,False,False
ISIC_0026495,ISIC_0027414,HAM_0003977,HAM_0000620,nv,nv,vidir_molemax,vidir_molemax,images/ISIC_0026495.jpg,images/ISIC_0027414.jpg,2,False,True,False,False
ISIC_0026906,ISIC_0031731,HAM_0005782,HAM_0005355,nv,nv,vidir_molemax,vidir_molemax,images/ISIC_0026906.jpg,images/ISIC_0031731.jpg,2,False,True,False,False
ISIC_0026922,ISIC_0030251,HAM_0006881,HAM_0001989,nv,nv,rosendahl,rosendahl,images/ISIC_0026922.jpg,images/ISIC_0030251.jpg,2,False,True,False,False
ISIC_0027122,ISIC_0031340,HAM_0000996,HAM_0000996,nv,nv,vienna_dias,vienna_dias,images/ISIC_0027122.jpg,images/ISIC_0031340.jpg,2,True,False,False,False
ISIC_0027150,ISIC_0031631,HAM_0003742,HAM_0003742,nv,nv,vienna_dias,vienna_dias,images/ISIC_0027150.jpg,images/ISIC_0031631.jpg,2,True,False,False,False
ISIC_0027197,ISIC_0027819,HAM_0006244,HAM_0004827,nv,bcc,rosendahl,rosendahl,images/ISIC_0027197.jpg,images/ISIC_0027819.jpg,2,False,True,True,False
ISIC_0027226,ISIC_0027902,HAM_0000342,HAM_0000342,nv,nv,vienna_dias,vienna_dias,images/ISIC_0027226.jpg,images/ISIC_0027902.jpg,2,True,False,False,False
ISIC_0027423,ISIC_0028737,HAM_0001157,HAM_0001157,nv,nv,vienna_dias,vienna_dias,images/ISIC_0027423.jpg,images/ISIC_0028737.jpg,2,True,False,False,False
ISIC_0027423,ISIC_0030057,HAM_0001157,HAM_0001157,nv,nv,vienna_dias,vienna_dias,images/ISIC_0027423.jpg,images/ISIC_0030057.jpg,2,True,False,False,False
ISIC_0027596,ISIC_0028960,HAM_0004007,HAM_0004007,nv,nv,vienna_dias,vienna_dias,images/ISIC_0027596.jpg,images/ISIC_0028960.jpg,2,True,False,False,False
ISIC_0027673,ISIC_0028114,HAM_0002430,HAM_0002430,mel,mel,vienna_dias,vienna_dias,images/ISIC_0027673.jpg,images/ISIC_0028114.jpg,2,True,False,False,False
ISIC_0027673,ISIC_0032134,HAM_0002430,HAM_0002430,mel,mel,vienna_dias,vienna_dias,images/ISIC_0027673.jpg,images/ISIC_0032134.jpg,2,True,False,False,False
ISIC_0027707,ISIC_0029640,HAM_0005284,HAM_0005284,nv,nv,vienna_dias,vienna_dias,images/ISIC_0027707.jpg,images/ISIC_0029640.jpg,2,True,False,False,False
ISIC_0027797,ISIC_0030251,HAM_0000910,HAM_0001989,mel,nv,rosendahl,rosendahl,images/ISIC_0027797.jpg,images/ISIC_0030251.jpg,2,False,True,True,False
ISIC_0027797,ISIC_0032195,HAM_0000910,HAM_0007075,mel,nv,rosendahl,rosendahl,images/ISIC_0027797.jpg,images/ISIC_0032195.jpg,2,False,True,True,False
ISIC_0027800,ISIC_0029188,HAM_0001872,HAM_0001872,nv,nv,vienna_dias,vienna_dias,images/ISIC_0027800.jpg,images/ISIC_0029188.jpg,2,True,False,False,False
ISIC_0027804,ISIC_0027819,HAM_0005841,HAM_0004827,nv,bcc,vidir_molemax,rosendahl,images/ISIC_0027804.jpg,images/ISIC_0027819.jpg,2,False,True,True,True
ISIC_0027804,ISIC_0032824,HAM_0005841,HAM_0004590,nv,nv,vidir_molemax,vidir_modern,images/ISIC_0027804.jpg,images/ISIC_0032824.jpg,2,False,True,False,True
ISIC_0027853,ISIC_0028545,HAM_0004068,HAM_0004068,nv,nv,vienna_dias,vienna_dias,images/ISIC_0027853.jpg,images/ISIC_0028545.jpg,2,True,False,False,False
ISIC_0027853,ISIC_0032492,HAM_0004068,HAM_0004068,nv,nv,vienna_dias,vienna_dias,images/ISIC_0027853.jpg,images/ISIC_0032492.jpg,2,True,False,False,False
ISIC_0027887,ISIC_0029450,HAM_0004239,HAM_0004239,nv,nv,vienna_dias,vienna_dias,images/ISIC_0027887.jpg,images/ISIC_0029450.jpg,2,True,False,False,False
ISIC_0027925,ISIC_0031917,HAM_0002031,HAM_0002031,nv,nv,vienna_dias,vienna_dias,images/ISIC_0027925.jpg,images/ISIC_0031917.jpg,2,True,False,False,False
ISIC_0027933,ISIC_0028513,HAM_0000070,HAM_0000070,nv,nv,vienna_dias,vienna_dias,images/ISIC_0027933.jpg,images/ISIC_0028513.jpg,2,True,False,False,False
ISIC_0028047,ISIC_0031574,HAM_0002621,HAM_0005928,nv,nv,vidir_molemax,vidir_molemax,images/ISIC_0028047.jpg,images/ISIC_0031574.jpg,2,False,True,False,False
ISIC_0028265,ISIC_0031839,HAM_0001027,HAM_0001027,nv,nv,vienna_dias,vienna_dias,images/ISIC_0028265.jpg,images/ISIC_0031839.jpg,2,True,False,False,False
ISIC_0028362,ISIC_0030179,HAM_0001507,HAM_0001507,nv,nv,vienna_dias,vienna_dias,images/ISIC_0028362.jpg,images/ISIC_0030179.jpg,2,True,False,False,False
ISIC_0028545,ISIC_0032492,HAM_0004068,HAM_0004068,nv,nv,vienna_dias,vienna_dias,images/ISIC_0028545.jpg,images/ISIC_0032492.jpg,2,True,False,False,False
ISIC_0028621,ISIC_0031857,HAM_0000391,HAM_0000391,nv,nv,vienna_dias,vienna_dias,images/ISIC_0028621.jpg,images/ISIC_0031857.jpg,2,True,False,False,False
ISIC_0028869,ISIC_0029502,HAM_0002283,HAM_0003617,nv,mel,vidir_molemax,vienna_dias,images/ISIC_0028869.jpg,images/ISIC_0029502.jpg,2,False,True,True,True
ISIC_0028960,ISIC_0031541,HAM_0004007,HAM_0004007,nv,nv,vienna_dias,vienna_dias,images/ISIC_0028960.jpg,images/ISIC_0031541.jpg,2,True,False,False,False
ISIC_0028963,ISIC_0031933,HAM_0002423,HAM_0001455,nv,nv,rosendahl,rosendahl,images/ISIC_0028963.jpg,images/ISIC_0031933.jpg,2,False,True,False,False
ISIC_0028984,ISIC_0032197,HAM_0003400,HAM_0003400,mel,mel,vienna_dias,vienna_dias,images/ISIC_0028984.jpg,images/ISIC_0032197.jpg,2,True,False,False,False
ISIC_0029188,ISIC_0031290,HAM_0001872,HAM_0001872,nv,nv,vienna_dias,vienna_dias,images/ISIC_0029188.jpg,images/ISIC_0031290.jpg,2,True,False,False,False
ISIC_0029257,ISIC_0030225,HAM_0005085,HAM_0005085,nv,nv,vienna_dias,vienna_dias,images/ISIC_0029257.jpg,images/ISIC_0030225.jpg,2,True,False,False,False
ISIC_0029294,ISIC_0029699,HAM_0003564,HAM_0005241,nv,nv,vidir_molemax,vidir_molemax,images/ISIC_0029294.jpg,images/ISIC_0029699.jpg,2,False,True,False,False
ISIC_0029313,ISIC_0030508,HAM_0006041,HAM_0006041,nv,nv,vienna_dias,vienna_dias,images/ISIC_0029313.jpg,images/ISIC_0030508.jpg,2,True,False,False,False
ISIC_0029904,ISIC_0032964,HAM_0007079,HAM_0007451,nv,nv,vienna_dias,vidir_modern,images/ISIC_0029904.jpg,images/ISIC_0032964.jpg,2,False,True,False,True
ISIC_0029975,ISIC_0030251,HAM_0005994,HAM_0001989,nv,nv,rosendahl,rosendahl,images/ISIC_0029975.jpg,images/ISIC_0030251.jpg,2,False,True,False,False
ISIC_0030135,ISIC_0030941,HAM_0001297,HAM_0001297,nv,nv,vienna_dias,vienna_dias,images/ISIC_0030135.jpg,images/ISIC_0030941.jpg,2,True,False,False,False
ISIC_0030251,ISIC_0031933,HAM_0001989,HAM_0001455,nv,nv,rosendahl,rosendahl,images/ISIC_0030251.jpg,images/ISIC_0031933.jpg,2,False,True,False,False
ISIC_0030251,ISIC_0032228,HAM_0001989,HAM_0003984,nv,nv,rosendahl,vidir_molemax,images/ISIC_0030251.jpg,images/ISIC_0032228.jpg,2,False,True,False,True
ISIC_0030251,ISIC_0033598,HAM_0001989,HAM_0005496,nv,nv,rosendahl,vidir_modern,images/ISIC_0030251.jpg,images/ISIC_0033598.jpg,2,False,True,False,True
ISIC_0030367,ISIC_0031905,HAM_0003320,HAM_0003320,nv,nv,vienna_dias,vienna_dias,images/ISIC_0030367.jpg,images/ISIC_0031905.jpg,2,True,False,False,False
ISIC_0030652,ISIC_0030852,HAM_0002628,HAM_0002628,nv,nv,vienna_dias,vienna_dias,images/ISIC_0030652.jpg,images/ISIC_0030852.jpg,2,True,False,False,False
ISIC_0030654,ISIC_0031621,HAM_0000597,HAM_0000597,nv,nv,vienna_dias,vienna_dias,images/ISIC_0030654.jpg,images/ISIC_0031621.jpg,2,True,False,False,False
ISIC_0030654,ISIC_0031822,HAM_0000597,HAM_0000597,nv,nv,vienna_dias,vienna_dias,images/ISIC_0030654.jpg,images/ISIC_0031822.jpg,2,True,False,False,False
ISIC_0031302,ISIC_0032728,HAM_0001846,HAM_0004550,nv,nv,rosendahl,vidir_modern,images/ISIC_0031302.jpg,images/ISIC_0032728.jpg,2,False,True,False,True
ISIC_0031621,ISIC_0031822,HAM_0000597,HAM_0000597,nv,nv,vienna_dias,vienna_dias,images/ISIC_0031621.jpg,images/ISIC_0031822.jpg,2,True,False,False,False
ISIC_0031731,ISIC_0032336,HAM_0005355,HAM_0002460,nv,nv,vidir_molemax,vidir_molemax,images/ISIC_0031731.jpg,images/ISIC_0032336.jpg,2,False,True,False,False
ISIC_0031896,ISIC_0032242,HAM_0003027,HAM_0003951,nv,nv,vidir_modern,vidir_modern,images/ISIC_0031896.jpg,images/ISIC_0032242.jpg,2,False,True,False,False
ISIC_0033018,ISIC_0034244,HAM_0007415,HAM_0006121,nv,nv,vidir_modern,vidir_modern,images/ISIC_0033018.jpg,images/ISIC_0034244.jpg,2,False,True,False,False
ISIC_0024326,ISIC_0025201,HAM_0001812,HAM_0000377,nv,nv,vidir_molemax,vidir_molemax,images/ISIC_0024326.jpg,images/ISIC_0025201.jpg,4,False,True,False,False
ISIC_0024326,ISIC_0028047,HAM_0001812,HAM_0002621,nv,nv,vidir_molemax,vidir_molemax,images/ISIC_0024326.jpg,images/ISIC_0028047.jpg,4,False,True,False,False
ISIC_0024326,ISIC_0030657,HAM_0001812,HAM_0005639,nv,nv,vidir_molemax,vidir_molemax,images/ISIC_0024326.jpg,images/ISIC_0030657.jpg,4,False,True,False,False
ISIC_0024326,ISIC_0031574,HAM_0001812,HAM_0005928,nv,nv,vidir_molemax,vidir_molemax,images/ISIC_0024326.jpg,images/ISIC_0031574.jpg,4,False,True,False,False
ISIC_0024339,ISIC_0026919,HAM_0005781,HAM_0001945,nv,nv,vidir_molemax,vidir_molemax,images/ISIC_0024339.jpg,images/ISIC_0026919.jpg,4,False,True,False,False
ISIC_0024352,ISIC_0025713,HAM_0004897,HAM_0003178,nv,nv,rosendahl,vidir_modern,images/ISIC_0024352.jpg,images/ISIC_0025713.jpg,4,False,True,False,True
ISIC_0024352,ISIC_0030653,HAM_0004897,HAM_0003957,nv,mel,rosendahl,rosendahl,images/ISIC_0024352.jpg,images/ISIC_0030653.jpg,4,False,True,True,False
ISIC_0024404,ISIC_0025287,HAM_0005076,HAM_0004965,nv,nv,vidir_molemax,vidir_molemax,images/ISIC_0024404.jpg,images/ISIC_0025287.jpg,4,False,True,False,False
ISIC_0024404,ISIC_0031813,HAM_0005076,HAM_0003987,nv,nv,vidir_molemax,rosendahl,images/ISIC_0024404.jpg,images/ISIC_0031813.jpg,4,False,True,False,True
ISIC_0024437,ISIC_0024577,HAM_0002566,HAM_0005531,nv,nv,vidir_modern,vidir_modern,images/ISIC_0024437.jpg,images/ISIC_0024577.jpg,4,False,True,False,False
ISIC_0024479,ISIC_0026906,HAM_0006469,HAM_0005782,nv,nv,vidir_modern,vidir_molemax,images/ISIC_0024479.jpg,images/ISIC_0026906.jpg,4,False,True,False,True
ISIC_0024520,ISIC_0025170,HAM_0003113,HAM_0003113,nv,nv,vienna_dias,vienna_dias,images/ISIC_0024520.jpg,images/ISIC_0025170.jpg,4,True,False,False,False
ISIC_0024522,ISIC_0030387,HAM_0005650,HAM_0005650,akiec,akiec,rosendahl,rosendahl,images/ISIC_0024522.jpg,images/ISIC_0030387.jpg,4,True,False,False,False
ISIC_0024538,ISIC_0029499,HAM_0000397,HAM_0000397,nv,nv,vienna_dias,vienna_dias,images/ISIC_0024538.jpg,images/ISIC_0029499.jpg,4,True,False,False,False
ISIC_0024541,ISIC_0030162,HAM_0004502,HAM_0006468,nv,nv,vidir_molemax,vidir_molemax,images/ISIC_0024541.jpg,images/ISIC_0030162.jpg,4,False,True,False,False
ISIC_0024541,ISIC_0032496,HAM_0004502,HAM_0005578,nv,nv,vidir_molemax,vienna_dias,images/ISIC_0024541.jpg,images/ISIC_0032496.jpg,4,False,True,False,True
ISIC_0024577,ISIC_0028042,HAM_0005531,HAM_0003579,nv,nv,vidir_modern,vidir_modern,images/ISIC_0024577.jpg,images/ISIC_0028042.jpg,4,False,True,False,False
ISIC_0024577,ISIC_0030796,HAM_0005531,HAM_0006793,nv,nv,vidir_modern,rosendahl,images/ISIC_0024577.jpg,images/ISIC_0030796.jpg,4,False,True,False,True
ISIC_0024577,ISIC_0032612,HAM_0005531,HAM_0000402,nv,nv,vidir_modern,vidir_modern,images/ISIC_0024577.jpg,images/ISIC_0032612.jpg,4,False,True,False,False
ISIC_0024577,ISIC_0033846,HAM_0005531,HAM_0006516,nv,nv,vidir_modern,vidir_modern,images/ISIC_0024577.jpg,images/ISIC_0033846.jpg,4,False,True,False,False
ISIC_0024587,ISIC_0027698,HAM_0002645,HAM_0002645,nv,nv,vienna_dias,vienna_dias,images/ISIC_0024587.jpg,images/ISIC_0027698.jpg,4,True,False,False,False
ISIC_0024587,ISIC_0029666,HAM_0002645,HAM_0002645,nv,nv,vienna_dias,vienna_dias,images/ISIC_0024587.jpg,images/ISIC_0029666.jpg,4,True,False,False,False
ISIC_0024594,ISIC_0033237,HAM_0000892,HAM_0001040,nv,nv,vidir_modern,vidir_modern,images/ISIC_0024594.jpg,images/ISIC_0033237.jpg,4,False,True,False,False
ISIC_0024613,ISIC_0026312,HAM_0001291,HAM_0006927,nv,nv,vidir_molemax,vidir_molemax,images/ISIC_0024613.jpg,images/ISIC_0026312.jpg,4,False,True,False,False
ISIC_0024613,ISIC_0027276,HAM_0001291,HAM_0000649,nv,nv,vidir_molemax,vidir_molemax,images/ISIC_0024613.jpg,images/ISIC_0027276.jpg,4,False,True,False,False
ISIC_0024688,ISIC_0026352,HAM_0001444,HAM_0001444,mel,mel,vienna_dias,vienna_dias,images/ISIC_0024688.jpg,images/ISIC_0026352.jpg,4,True,False,False,False
ISIC_0024704,ISIC_0024876,HAM_0001936,HAM_0004680,nv,nv,rosendahl,rosendahl,images/ISIC_0024704.jpg,images/ISIC_0024876.jpg,4,False,True,False,False
ISIC_0024704,ISIC_0024933,HAM_0001936,HAM_0000266,nv,nv,rosendahl,rosendahl,images/ISIC_0024704.jpg,images/ISIC_0024933.jpg,4,False,True,False,False
ISIC_0024704,ISIC_0027627,HAM_0001936,HAM_0006244,nv,nv,rosendahl,rosendahl,images/ISIC_0024704.jpg,images/ISIC_0027627.jpg,4,False,True,False,False
ISIC_0024704,ISIC_0027797,HAM_0001936,HAM_0000910,nv,mel,rosendahl,rosendahl,images/ISIC_0024704.jpg,images/ISIC_0027797.jpg,4,False,True,True,False
ISIC_0024704,ISIC_0028963,HAM_0001936,HAM_0002423,nv,nv,rosendahl,rosendahl,images/ISIC_0024704.jpg,images/ISIC_0028963.jpg,4,False,True,False,False
ISIC_0024704,ISIC_0029480,HAM_0001936,HAM_0004898,nv,mel,rosendahl,rosendahl,images/ISIC_0024704.jpg,images/ISIC_0029480.jpg,4,False,True,True,False
ISIC_0024704,ISIC_0030061,HAM_0001936,HAM_0000836,nv,nv,rosendahl,rosendahl,images/ISIC_0024704.jpg,images/ISIC_0030061.jpg,4,False,True,False,False
ISIC_0024704,ISIC_0030251,HAM_0001936,HAM_0001989,nv,nv,rosendahl,rosendahl,images/ISIC_0024704.jpg,images/ISIC_0030251.jpg,4,False,True,False,False
ISIC_0024704,ISIC_0031933,HAM_0001936,HAM_0001455,nv,nv,rosendahl,rosendahl,images/ISIC_0024704.jpg,images/ISIC_0031933.jpg,4,False,True,False,False
ISIC_0024704,ISIC_0033561,HAM_0001936,HAM_0004708,nv,nv,rosendahl,vidir_modern,images/ISIC_0024704.jpg,images/ISIC_0033561.jpg,4,False,True,False,True
ISIC_0024753,ISIC_0027873,HAM_0004895,HAM_0006114,nv,nv,vienna_dias,rosendahl,images/ISIC_0024753.jpg,images/ISIC_0027873.jpg,4,False,True,False,True
ISIC_0024777,ISIC_0029196,HAM_0001895,HAM_0001895,nv,nv,vienna_dias,vienna_dias,images/ISIC_0024777.jpg,images/ISIC_0029196.jpg,4,True,False,False,False
ISIC_0024793,ISIC_0031340,HAM_0000996,HAM_0000996,nv,nv,vienna_dias,vienna_dias,images/ISIC_0024793.jpg,images/ISIC_0031340.jpg,4,True,False,False,False
ISIC_0024834,ISIC_0032165,HAM_0003345,HAM_0003345,nv,nv,vienna_dias,vienna_dias,images/ISIC_0024834.jpg,images/ISIC_0032165.jpg,4,True,False,False,False
ISIC_0024876,ISIC_0026711,HAM_0004680,HAM_0007030,nv,nv,rosendahl,rosendahl,images/ISIC_0024876.jpg,images/ISIC_0026711.jpg,4,False,True,False,False
ISIC_0024876,ISIC_0027627,HAM_0004680,HAM_0006244,nv,nv,rosendahl,rosendahl,images/ISIC_0024876.jpg,images/ISIC_0027627.jpg,4,False,True,False,False
ISIC_0024876,ISIC_0030663,HAM_0004680,HAM_0006104,nv,nv,rosendahl,rosendahl,images/ISIC_0024876.jpg,images/ISIC_0030663.jpg,4,False,True,False,False
ISIC_0024876,ISIC_0031064,HAM_0004680,HAM_0000798,nv,nv,rosendahl,rosendahl,images/ISIC_0024876.jpg,images/ISIC_0031064.jpg,4,False,True,False,False
ISIC_0024876,ISIC_0031933,HAM_0004680,HAM_0001455,nv,nv,rosendahl,rosendahl,images/ISIC_0024876.jpg,images/ISIC_0031933.jpg,4,False,True,False,False
ISIC_0024876,ISIC_0032475,HAM_0004680,HAM_0007448,nv,nv,rosendahl,vidir_modern,images/ISIC_0024876.jpg,images/ISIC_0032475.jpg,4,False,True,False,True
ISIC_0024933,ISIC_0028963,HAM_0000266,HAM_0002423,nv,nv,rosendahl,rosendahl,images/ISIC_0024933.jpg,images/ISIC_0028963.jpg,4,False,True,False,False
ISIC_0024941,ISIC_0026028,HAM_0004133,HAM_0004133,nv,nv,vienna_dias,vienna_dias,images/ISIC_0024941.jpg,images/ISIC_0026028.jpg,4,True,False,False,False
ISIC_0024975,ISIC_0025782,HAM_0003276,HAM_0003276,nv,nv,vienna_dias,vienna_dias,images/ISIC_0024975.jpg,images/ISIC_0025782.jpg,4,True,False,False,False
ISIC_0024993,ISIC_0025332,HAM_0000147,HAM_0001261,nv,nv,vidir_molemax,vidir_molemax,images/ISIC_0024993.jpg,images/ISIC_0025332.jpg,4,False,True,False,False
ISIC_0025000,ISIC_0028951,HAM_0001643,HAM_0007116,nv,nv,rosendahl,rosendahl,images/ISIC_0025000.jpg,images/ISIC_0028951.jpg,4,False,True,False,False
ISIC_0025000,ISIC_0029026,HAM_0001643,HAM_0002905,nv,nv,rosendahl,rosendahl,images/ISIC_0025000.jpg,images/ISIC_0029026.jpg,4,False,True,False,False
ISIC_0025000,ISIC_0029975,HAM_0001643,HAM_0005994,nv,nv,rosendahl,rosendahl,images/ISIC_0025000.jpg,images/ISIC_0029975.jpg,4,False,True,False,False
ISIC_0025000,ISIC_0031838,HAM_0001643,HAM_0002517,nv,nv,rosendahl,rosendahl,images/ISIC_0025000.jpg,images/ISIC_0031838.jpg,4,False,True,False,False
ISIC_0025000,ISIC_0031933,HAM_0001643,HAM_0001455,nv,nv,rosendahl,rosendahl,images/ISIC_0025000.jpg,images/ISIC_0031933.jpg,4,False,True,False,False
ISIC_0025000,ISIC_0033982,HAM_0001643,HAM_0006643,nv,nv,rosendahl,vidir_modern,images/ISIC_0025000.jpg,images/ISIC_0033982.jpg,4,False,True,False,True
ISIC_0025012,ISIC_0030556,HAM_0000873,HAM_0001771,nv,nv,vidir_molemax,vidir_molemax,images/ISIC_0025012.jpg,images/ISIC_0030556.jpg,4,False,True,False,False
ISIC_0025020,ISIC_0026106,HAM_0001669,HAM_0001669,nv,nv,vienna_dias,vienna_dias,images/ISIC_0025020.jpg,images/ISIC_0026106.jpg,4,True,False,False,False
ISIC_0025121,ISIC_0025963,HAM_0004642,HAM_0004642,mel,mel,vienna_dias,vienna_dias,images/ISIC_0025121.jpg,images/ISIC_0025963.jpg,4,True,False,False,False
ISIC_0025133,ISIC_0025469,HAM_0005319,HAM_0005319,nv,nv,vienna_dias,vienna_dias,images/ISIC_0025133.jpg,images/ISIC_0025469.jpg,4,True,False,False,False
ISIC_0025141,ISIC_0029756,HAM_0006599,HAM_0003221,nv,nv,vidir_modern,vidir_modern,images/ISIC_0025141.jpg,images/ISIC_0029756.jpg,4,False,True,False,False
ISIC_0025165,ISIC_0028698,HAM_0003033,HAM_0003033,nv,nv,rosendahl,rosendahl,images/ISIC_0025165.jpg,images/ISIC_0028698.jpg,4,True,False,False,False
ISIC_0025201,ISIC_0026110,HAM_0000377,HAM_0003295,nv,nv,vidir_molemax,vidir_molemax,images/ISIC_0025201.jpg,images/ISIC_0026110.jpg,4,False,True,False,False
ISIC_0025201,ISIC_0030657,HAM_0000377,HAM_0005639,nv,nv,vidir_molemax,vidir_molemax,images/ISIC_0025201.jpg,images/ISIC_0030657.jpg,4,False,True,False,False
ISIC_0025201,ISIC_0031435,HAM_0000377,HAM_0004747,nv,nv,vidir_molemax,vidir_modern,images/ISIC_0025201.jpg,images/ISIC_0031435.jpg,4,False,True,False,True
ISIC_0025201,ISIC_0031574,HAM_0000377,HAM_0005928,nv,nv,vidir_molemax,vidir_molemax,images/ISIC_0025201.jpg,images/ISIC_0031574.jpg,4,False,True,False,False
ISIC_0025208,ISIC_0029499,HAM_0000397,HAM_0000397,nv,nv,vienna_dias,vienna_dias,images/ISIC_0025208.jpg,images/ISIC_0029499.jpg,4,True,False,False,False
ISIC_0025287,ISIC_0032183,HAM_0004965,HAM_0007351,nv,nv,vidir_molemax,vidir_molemax,images/ISIC_0025287.jpg,images/ISIC_0032183.jpg,4,False,True,False,False
ISIC_0025290,ISIC_0031574,HAM_0001340,HAM_0005928,nv,nv,vidir_molemax,vidir_molemax,images/ISIC_0025290.jpg,images/ISIC_0031574.jpg,4,False,True,False,False
ISIC_0025332,ISIC_0028841,HAM_0001261,HAM_0007143,nv,nv,vidir_molemax,vidir_molemax,images/ISIC_0025332.jpg,images/ISIC_0028841.jpg,4,False,True,False,False
ISIC_0025370,ISIC_0027385,HAM_0004869,HAM_0004455,nv,vasc,vidir_modern,vidir_modern,images/ISIC_0025370.jpg,images/ISIC_0027385.jpg,4,False,True,True,False
ISIC_0025370,ISIC_0031322,HAM_0004869,HAM_0006411,nv,nv,vidir_modern,vidir_modern,images/ISIC_0025370.jpg,images/ISIC_0031322.jpg,4,False,True,False,False
ISIC_0025375,ISIC_0030291,HAM_0007600,HAM_0004983,nv,nv,vidir_molemax,vidir_molemax,images/ISIC_0025375.jpg,images/ISIC_0030291.jpg,4,False,True,False,False
ISIC_0025425,ISIC_0026476,HAM_0002787,HAM_0000303,vasc,nv,vidir_molemax,vidir_molemax,images/ISIC_0025425.jpg,images/ISIC_0026476.jpg,4,False,True,True,False
ISIC_0025456,ISIC_0026165,HAM_0003158,HAM_0005950,nv,nv,vidir_modern,vidir_molemax,images/ISIC_0025456.jpg,images/ISIC_0026165.jpg,4,False,True,False,True
ISIC_0025476,ISIC_0029975,HAM_0006052,HAM_0005994,nv,nv,rosendahl,rosendahl,images/ISIC_0025476.jpg,images/ISIC_0029975.jpg,4,False,True,False,False
ISIC_0025477,ISIC_0030061,HAM_0003125,HAM_0000836,nv,nv,rosendahl,rosendahl,images/ISIC_0025477.jpg,images/ISIC_0030061.jpg,4,False,True,False,False
ISIC_0025505,ISIC_0030061,HAM_0000836,HAM_0000836,nv,nv,rosendahl,rosendahl,images/ISIC_0025505.jpg,images/ISIC_0030061.jpg,4,True,False,False,False
ISIC_0025517,ISIC_0026922,HAM_0005848,HAM_0006881,nv,nv,rosendahl,rosendahl,images/ISIC_0025517.jpg,images/ISIC_0026922.jpg,4,False,True,False,False
ISIC_0025517,ISIC_0028139,HAM_0005848,HAM_0002429,nv,nv,rosendahl,rosendahl,images/ISIC_0025517.jpg,images/ISIC_0028139.jpg,4,False,True,False,False
ISIC_0025517,ISIC_0029480,HAM_0005848,HAM_0004898,nv,mel,rosendahl,rosendahl,images/ISIC_0025517.jpg,images/ISIC_0029480.jpg,4,False,True,True,False
ISIC_0025517,ISIC_0029665,HAM_0005848,HAM_0000347,nv,nv,rosendahl,rosendahl,images/ISIC_0025517.jpg,images/ISIC_0029665.jpg,4,False,True,False,False
ISIC_0025517,ISIC_0029975,HAM_0005848,HAM_0005994,nv,nv,rosendahl,rosendahl,images/ISIC_0025517.jpg,images/ISIC_0029975.jpg,4,False,True,False,False
ISIC_0025517,ISIC_0030251,HAM_0005848,HAM_0001989,nv,nv,rosendahl,rosendahl,images/ISIC_0025517.jpg,images/ISIC_0030251.jpg,4,False,True,False,False
ISIC_0025545,ISIC_0032003,HAM_0000751,HAM_0000751,nv,nv,vienna_dias,vienna_dias,images/ISIC_0025545.jpg,images/ISIC_0032003.jpg,4,True,False,False,False
ISIC_0025612,ISIC_0026838,HAM_0002177,HAM_0000250,vasc,nv,vidir_molemax,vidir_molemax,images/ISIC_0025612.jpg,images/ISIC_0026838.jpg,4,False,True,True,False
ISIC_0025652,ISIC_0027523,HAM_0003965,HAM_0001498,nv,nv,vidir_modern,vidir_modern,images/ISIC_0025652.jpg,images/ISIC_0027523.jpg,4,False,True,False,False
ISIC_0025683,ISIC_0028621,HAM_0000391,HAM_0000391,nv,nv,vienna_dias,vienna_dias,images/ISIC_0025683.jpg,images/ISIC_0028621.jpg,4,True,False,False,False
ISIC_0025713,ISIC_0027197,HAM_0003178,HAM_0006244,nv,nv,vidir_modern,rosendahl,images/ISIC_0025713.jpg,images/ISIC_0027197.jpg,4,False,True,False,True
ISIC_0025713,ISIC_0027804,HAM_0003178,HAM_0005841,nv,nv,vidir_modern,vidir_molemax,images/ISIC_0025713.jpg,images/ISIC_0027804.jpg,4,False,True,False,True
ISIC_0025713,ISIC_0027819,HAM_0003178,HAM_0004827,nv,bcc,vidir_modern,rosendahl,images/ISIC_0025713.jpg,images/ISIC_0027819.jpg,4,False,True,True,True
ISIC_0025713,ISIC_0032405,HAM_0003178,HAM_0001455,nv,nv,vidir_modern,rosendahl,images/ISIC_0025713.jpg,images/ISIC_0032405.jpg,4,False,True,False,True
ISIC_0025713,ISIC_0032824,HAM_0003178,HAM_0004590,nv,nv,vidir_modern,vidir_modern,images/ISIC_0025713.jpg,images/ISIC_0032824.jpg,4,False,True,False,False
ISIC_0025713,ISIC_0034244,HAM_0003178,HAM_0006121,nv,nv,vidir_modern,vidir_modern,images/ISIC_0025713.jpg,images/ISIC_0034244.jpg,4,False,True,False,False
ISIC_0025724,ISIC_0027313,HAM_0003520,HAM_0001108,mel,nv,rosendahl,vidir_molemax,images/ISIC_0025724.jpg,images/ISIC_0027313.jpg,4,False,True,True,True
ISIC_0025850,ISIC_0032678,HAM_0005611,HAM_0004344,nv,nv,vidir_modern,vidir_modern,images/ISIC_0025850.jpg,images/ISIC_0032678.jpg,4,False,True,False,False
ISIC_0025931,ISIC_0033352,HAM_0001407,HAM_0003803,nv,nv,vidir_molemax,vidir_modern,images/ISIC_0025931.jpg,images/ISIC_0033352.jpg,4,False,True,False,True
ISIC_0025955,ISIC_0030070,HAM_0005481,HAM_0007020,mel,vasc,vidir_modern,vidir_modern,images/ISIC_0025955.jpg,images/ISIC_0030070.jpg,4,False,True,True,False
ISIC_0025986,ISIC_0030424,HAM_0006123,HAM_0006452,bkl,nv,rosendahl,vidir_molemax,images/ISIC_0025986.jpg,images/ISIC_0030424.jpg,4,False,True,True,True
ISIC_0026024,ISIC_0032537,HAM_0000666,HAM_0001928,nv,mel,vidir_modern,vidir_modern,images/ISIC_0026024.jpg,images/ISIC_0032537.jpg,4,False,True,True,False
ISIC_0026067,ISIC_0030717,HAM_0000431,HAM_0000431,nv,nv,vienna_dias,vienna_dias,images/ISIC_0026067.jpg,images/ISIC_0030717.jpg,4,True,False,False,False
ISIC_0026110,ISIC_0029294,HAM_0003295,HAM_0003564,nv,nv,vidir_molemax,vidir_molemax,images/ISIC_0026110.jpg,images/ISIC_0029294.jpg,4,False,True,False,False
ISIC_0026110,ISIC_0029636,HAM_0003295,HAM_0001220,nv,nv,vidir_molemax,vidir_modern,images/ISIC_0026110.jpg,images/ISIC_0029636.jpg,4,False,True,False,True
ISIC_0026116,ISIC_0029735,HAM_0002855,HAM_0002120,nv,nv,vidir_molemax,vidir_modern,images/ISIC_0026116.jpg,images/ISIC_0029735.jpg,4,False,True,False,True
ISIC_0026116,ISIC_0034008,HAM_0002855,HAM_0006610,nv,nv,vidir_molemax,vidir_modern,images/ISIC_0026116.jpg,images/ISIC_0034008.jpg,4,False,True,False,True
ISIC_0026155,ISIC_0030430,HAM_0002458,HAM_0003185,nv,nv,vidir_molemax,vidir_molemax,images/ISIC_0026155.jpg,images/ISIC_0030430.jpg,4,False,True,False,False
ISIC_0026164,ISIC_0034215,HAM_0002872,HAM_0004088,nv,nv,vidir_molemax,vidir_modern,images/ISIC_0026164.jpg,images/ISIC_0034215.jpg,4,False,True,False,True
ISIC_0026165,ISIC_0030162,HAM_0005950,HAM_0006468,nv,nv,vidir_molemax,vidir_molemax,images/ISIC_0026165.jpg,images/ISIC_0030162.jpg,4,False,True,False,False
ISIC_0026175,ISIC_0028467,HAM_0006953,HAM_0004676,nv,mel,vidir_molemax,vidir_modern,images/ISIC_0026175.jpg,images/ISIC_0028467.jpg,4,False,True,True,True
ISIC_0026175,ISIC_0032851,HAM_0006953,HAM_0001908,nv,nv,vidir_molemax,vidir_modern,images/ISIC_0026175.jpg,images/ISIC_0032851.jpg,4,False,True,False,True
ISIC_0026203,ISIC_0032728,HAM_0003895,HAM_0004550,akiec,nv,rosendahl,vidir_modern,images/ISIC_0026203.jpg,images/ISIC_0032728.jpg,4,False,True,True,True
ISIC_0026224,ISIC_0031302,HAM_0005589,HAM_0001846,nv,nv,vidir_molemax,rosendahl,images/ISIC_0026224.jpg,images/ISIC_0031302.jpg,4,False,True,False,True
ISIC_0026312,ISIC_0027276,HAM_0006927,HAM_0000649,nv,nv,vidir_molemax,vidir_molemax,images/ISIC_0026312.jpg,images/ISIC_0027276.jpg,4,False,True,False,False
ISIC_0026373,ISIC_0031302,HAM_0003736,HAM_0001846,nv,nv,vidir_molemax,rosendahl,images/ISIC_0026373.jpg,images/ISIC_0031302.jpg,4,False,True,False,True
ISIC_0026422,ISIC_0027566,HAM_0003926,HAM_0004664,bkl,nv,vidir_molemax,vidir_molemax,images/ISIC_0026422.jpg,images/ISIC_0027566.jpg,4,False,True,True,False
ISIC_0026455,ISIC_0028265,HAM_0001027,HAM_0001027,nv,nv,vienna_dias,vienna_dias,images/ISIC_0026455.jpg,images/ISIC_0028265.jpg,4,True,False,False,False
ISIC_0026498,ISIC_0032496,HAM_0000054,HAM_0005578,nv,nv,vienna_dias,vienna_dias,images/ISIC_0026498.jpg,images/ISIC_0032496.jpg,4,False,True,False,False
ISIC_0026516,ISIC_0027151,HAM_0003520,HAM_0007179,mel,bkl,rosendahl,vidir_modern,images/ISIC_0026516.jpg,images/ISIC_0027151.jpg,4,False,True,True,True
ISIC_0026692,ISIC_0030597,HAM_0002661,HAM_0002661,nv,nv,vienna_dias,vienna_dias,images/ISIC_0026692.jpg,images/ISIC_0030597.jpg,4,True,False,False,False
ISIC_0026771,ISIC_0029904,HAM_0006698,HAM_0007079,nv,nv,vidir_molemax,vienna_dias,images/ISIC_0026771.jpg,images/ISIC_0029904.jpg,4,False,True,False,True
ISIC_0026785,ISIC_0027132,HAM_0007094,HAM_0004987,nv,nv,vidir_molemax,vidir_molemax,images/ISIC_0026785.jpg,images/ISIC_0027132.jpg,4,False,True,False,False
ISIC_0026804,ISIC_0031194,HAM_0000924,HAM_0000924,nv,nv,vienna_dias,vienna_dias,images/ISIC_0026804.jpg,images/ISIC_0031194.jpg,4,True,False,False,False
ISIC_0026819,ISIC_0030291,HAM_0007112,HAM_0004983,nv,nv,vidir_modern,vidir_molemax,images/ISIC_0026819.jpg,images/ISIC_0030291.jpg,4,False,True,False,True
ISIC_0026841,ISIC_0031149,HAM_0003833,HAM_0003833,nv,nv,vienna_dias,vienna_dias,images/ISIC_0026841.jpg,images/ISIC_0031149.jpg,4,True,False,False,False
ISIC_0026906,ISIC_0032336,HAM_0005782,HAM_0002460,nv,nv,vidir_molemax,vidir_molemax,images/ISIC_0026906.jpg,images/ISIC_0032336.jpg,4,False,True,False,False
ISIC_0026922,ISIC_0027797,HAM_0006881,HAM_0000910,nv,mel,rosendahl,rosendahl,images/ISIC_0026922.jpg,images/ISIC_0027797.jpg,4,False,True,True,False
ISIC_0026922,ISIC_0029480,HAM_0006881,HAM_0004898,nv,mel,rosendahl,rosendahl,images/ISIC_0026922.jpg,images/ISIC_0029480.jpg,4,False,True,True,False
ISIC_0026922,ISIC_0029975,HAM_0006881,HAM_0005994,nv,nv,rosendahl,rosendahl,images/ISIC_0026922.jpg,images/ISIC_0029975.jpg,4,False,True,False,False
ISIC_0026922,ISIC_0031933,HAM_0006881,HAM_0001455,nv,nv,rosendahl,rosendahl,images/ISIC_0026922.jpg,images/ISIC_0031933.jpg,4,False,True,False,False
ISIC_0026922,ISIC_0032195,HAM_0006881,HAM_0007075,nv,nv,rosendahl,rosendahl,images/ISIC_0026922.jpg,images/ISIC_0032195.jpg,4,False,True,False,False
ISIC_0026922,ISIC_0032228,HAM_0006881,HAM_0003984,nv,nv,rosendahl,vidir_molemax,images/ISIC_0026922.jpg,images/ISIC_0032228.jpg,4,False,True,False,True
ISIC_0026922,ISIC_0033598,HAM_0006881,HAM_0005496,nv,nv,rosendahl,vidir_modern,images/ISIC_0026922.jpg,images/ISIC_0033598.jpg,4,False,True,False,True
ISIC_0026934,ISIC_0031731,HAM_0002729,HAM_0005355,nv,nv,vidir_modern,vidir_molemax,images/ISIC_0026934.jpg,images/ISIC_0031731.jpg,4,False,True,False,True
ISIC_0026934,ISIC_0034200,HAM_0002729,HAM_0004583,nv,nv,vidir_modern,vidir_modern,images/ISIC_0026934.jpg,images/ISIC_0034200.jpg,4,False,True,False,False
ISIC_0026987,ISIC_0027756,HAM_0006994,HAM_0003305,nv,nv,rosendahl,rosendahl,images/ISIC_0026987.jpg,images/ISIC_0027756.jpg,4,False,True,False,False
ISIC_0026987,ISIC_0028809,HAM_0006994,HAM_0004991,nv,nv,rosendahl,rosendahl,images/ISIC_0026987.jpg,images/ISIC_0028809.jpg,4,False,True,False,False
ISIC_0027027,ISIC_0029036,HAM_0007604,HAM_0000955,bkl,bkl,vidir_molemax,vidir_molemax,images/ISIC_0027027.jpg,images/ISIC_0029036.jpg,4,False,True,False,False
ISIC_0027097,ISIC_0027670,HAM_0003016,HAM_0003016,nv,nv,vienna_dias,vienna_dias,images/ISIC_0027097.jpg,images/ISIC_0027670.jpg,4,True,False,False,False
ISIC_0027102,ISIC_0029744,HAM_0003782,HAM_0003782,mel,mel,rosendahl,rosendahl,images/ISIC_0027102.jpg,images/ISIC_0029744.jpg,4,True,False,False,False
ISIC_0027144,ISIC_0028198,HAM_0005064,HAM_0005064,mel,mel,vienna_dias,vienna_dias,images/ISIC_0027144.jpg,images/ISIC_0028198.jpg,4,True,False,False,False
ISIC_0027197,ISIC_0027804,HAM_0006244,HAM_0005841,nv,nv,rosendahl,vidir_molemax,images/ISIC_0027197.jpg,images/ISIC_0027804.jpg,4,False,True,False,True
ISIC_0027197,ISIC_0029857,HAM_0006244,HAM_0005856,nv,bcc,rosendahl,rosendahl,images/ISIC_0027197.jpg,images/ISIC_0029857.jpg,4,False,True,True,False
ISIC_0027197,ISIC_0032125,HAM_0006244,HAM_0003305,nv,nv,rosendahl,rosendahl,images/ISIC_0027197.jpg,images/ISIC_0032125.jpg,4,False,True,False,False
ISIC_0027197,ISIC_0032405,HAM_0006244,HAM_0001455,nv,nv,rosendahl,rosendahl,images/ISIC_0027197.jpg,images/ISIC_0032405.jpg,4,False,True,False,False
ISIC_0027197,ISIC_0032824,HAM_0006244,HAM_0004590,nv,nv,rosendahl,vidir_modern,images/ISIC_0027197.jpg,images/ISIC_0032824.jpg,4,False,True,False,True
ISIC_0027197,ISIC_0033018,HAM_0006244,HAM_0007415,nv,nv,rosendahl,vidir_modern,images/ISIC_0027197.jpg,images/ISIC_0033018.jpg,4,False,True,False,True
ISIC_0027197,ISIC_0033743,HAM_0006244,HAM_0001026,nv,nv,rosendahl,vidir_modern,images/ISIC_0027197.jpg,images/ISIC_0033743.jpg,4,False,True,False,True
ISIC_0027197,ISIC_0033799,HAM_0006244,HAM_0001912,nv,nv,rosendahl,vidir_modern,images/ISIC_0027197.jpg,images/ISIC_0033799.jpg,4,False,True,False,True
ISIC_0027208,ISIC_0032368,HAM_0001715,HAM_0001715,nv,nv,vienna_dias,vienna_dias,images/ISIC_0027208.jpg,images/ISIC_0032368.jpg,4,True,False,False,False
ISIC_0027313,ISIC_0034008,HAM_0001108,HAM_0006610,nv,nv,vidir_molemax,vidir_modern,images/ISIC_0027313.jpg,images/ISIC_0034008.jpg,4,False,True,False,True
ISIC_0027369,ISIC_0030430,HAM_0003228,HAM_0003185,nv,nv,vidir_molemax,vidir_molemax,images/ISIC_0027369.jpg,images/ISIC_0030430.jpg,4,False,True,False,False
ISIC_0027443,ISIC_0031950,HAM_0000738,HAM_0005158,nv,vasc,vidir_molemax,vienna_dias,images/ISIC_0027443.jpg,images/ISIC_0031950.jpg,4,False,True,True,True
ISIC_0027443,ISIC_0032228,HAM_0000738,HAM_0003984,nv,nv,vidir_molemax,vidir_molemax,images/ISIC_0027443.jpg,images/ISIC_0032228.jpg,4,False,True,False,False
ISIC_0027443,ISIC_0033598,HAM_0000738,HAM_0005496,nv,nv,vidir_molemax,vidir_modern,images/ISIC_0027443.jpg,images/ISIC_0033598.jpg,4,False,True,False,True
ISIC_0027494,ISIC_0029416,HAM_0003554,HAM_0005455,nv,nv,vidir_molemax,vidir_molemax,images/ISIC_0027494.jpg,images/ISIC_0029416.jpg,4,False,True,False,False
ISIC_0027494,ISIC_0030657,HAM_0003554,HAM_0005639,nv,nv,vidir_molemax,vidir_molemax,images/ISIC_0027494.jpg,images/ISIC_0030657.jpg,4,False,True,False,False
ISIC_0027501,ISIC_0027940,HAM_0006032,HAM_0003436,nv,nv,vidir_modern,vidir_molemax,images/ISIC_0027501.jpg,images/ISIC_0027940.jpg,4,False,True,False,True
ISIC_0027501,ISIC_0029294,HAM_0006032,HAM_0003564,nv,nv,vidir_modern,vidir_molemax,images/ISIC_0027501.jpg,images/ISIC_0029294.jpg,4,False,True,False,True
ISIC_0027501,ISIC_0029699,HAM_0006032,HAM_0005241,nv,nv,vidir_modern,vidir_molemax,images/ISIC_0027501.jpg,images/ISIC_0029699.jpg,4,False,True,False,True
ISIC_0027501,ISIC_0032336,HAM_0006032,HAM_0002460,nv,nv,vidir_modern,vidir_molemax,images/ISIC_0027501.jpg,images/ISIC_0032336.jpg,4,False,True,False,True
ISIC_0027519,ISIC_0027873,HAM_0004895,HAM_0006114,nv,nv,vienna_dias,rosendahl,images/ISIC_0027519.jpg,images/ISIC_0027873.jpg,4,False,True,False,True
ISIC_0027538,ISIC_0031064,HAM_0000798,HAM_0000798,nv,nv,rosendahl,rosendahl,images/ISIC_0027538.jpg,images/ISIC_0031064.jpg,4,True,False,False,False
ISIC_0027574,ISIC_0030058,HAM_0005794,HAM_0005794,nv,nv,vienna_dias,vienna_dias,images/ISIC_0027574.jpg,images/ISIC_0030058.jpg,4,True,False,False,False
ISIC_0027583,ISIC_0029442,HAM_0001925,HAM_0007175,nv,nv,vidir_molemax,vidir_molemax,images/ISIC_0027583.jpg,images/ISIC_0029442.jpg,4,False,True,False,False
ISIC_0027627,ISIC_0033282,HAM_0006244,HAM_0004716,nv,nv,rosendahl,vidir_modern,images/ISIC_0027627.jpg,images/ISIC_0033282.jpg,4,False,True,False,True
ISIC_0027658,ISIC_0028678,HAM_0000222,HAM_0000222,nv,nv,vienna_dias,vienna_dias,images/ISIC_0027658.jpg,images/ISIC_0028678.jpg,4,True,False,False,False
ISIC_0027685,ISIC_0030859,HAM_0005120,HAM_0006822,nv,nv,vidir_molemax,vidir_modern,images/ISIC_0027685.jpg,images/ISIC_0030859.jpg,4,False,True,False,True
ISIC_0027688,ISIC_0033511,HAM_0001936,HAM_0006147,nv,nv,rosendahl,vidir_modern,images/ISIC_0027688.jpg,images/ISIC_0033511.jpg,4,False,True,False,True
ISIC_0027698,ISIC_0029666,HAM_0002645,HAM_0002645,nv,nv,vienna_dias,vienna_dias,images/ISIC_0027698.jpg,images/ISIC_0029666.jpg,4,True,False,False,False
ISIC_0027707,ISIC_0029724,HAM_0005284,HAM_0005284,nv,nv,vienna_dias,vienna_dias,images/ISIC_0027707.jpg,images/ISIC_0029724.jpg,4,True,False,False,False
ISIC_0027756,ISIC_0028809,HAM_0003305,HAM_0004991,nv,nv,rosendahl,rosendahl,images/ISIC_0027756.jpg,images/ISIC_0028809.jpg,4,False,True,False,False
ISIC_0027757,ISIC_0032082,HAM_0007112,HAM_0005107,nv,nv,vidir_modern,vidir_modern,images/ISIC_0027757.jpg,images/ISIC_0032082.jpg,4,False,True,False,False
ISIC_0027797,ISIC_0029975,HAM_0000910,HAM_0005994,mel,nv,rosendahl,rosendahl,images/ISIC_0027797.jpg,images/ISIC_0029975.jpg,4,False,True,True,False
ISIC_0027797,ISIC_0031064,HAM_0000910,HAM_0000798,mel,nv,rosendahl,rosendahl,images/ISIC_0027797.jpg,images/ISIC_0031064.jpg,4,False,True,True,False
ISIC_0027797,ISIC_0031933,HAM_0000910,HAM_0001455,mel,nv,rosendahl,rosendahl,images/ISIC_0027797.jpg,images/ISIC_0031933.jpg,4,False,True,True,False
ISIC_0027797,ISIC_0032228,HAM_0000910,HAM_0003984,mel,nv,rosendahl,vidir_molemax,images/ISIC_0027797.jpg,images/ISIC_0032228.jpg,4,False,True,True,True
ISIC_0027797,ISIC_0033561,HAM_0000910,HAM_0004708,mel,nv,rosendahl,vidir_modern,images/ISIC_0027797.jpg,images/ISIC_0033561.jpg,4,False,True,True,True
ISIC_0027797,ISIC_0033598,HAM_0000910,HAM_0005496,mel,nv,rosendahl,vidir_modern,images/ISIC_0027797.jpg,images/ISIC_0033598.jpg,4,False,True,True,True
ISIC_0027800,ISIC_0031290,HAM_0001872,HAM_0001872,nv,nv,vienna_dias,vienna_dias,images/ISIC_0027800.jpg,images/ISIC_0031290.jpg,4,True,False,False,False
ISIC_0027804,ISIC_0029857,HAM_0005841,HAM_0005856,nv,bcc,vidir_molemax,rosendahl,images/ISIC_0027804.jpg,images/ISIC_0029857.jpg,4,False,True,True,True
ISIC_0027804,ISIC_0032405,HAM_0005841,HAM_0001455,nv,nv,vidir_molemax,rosendahl,images/ISIC_0027804.jpg,images/ISIC_0032405.jpg,4,False,True,False,True
ISIC_0027804,ISIC_0033018,HAM_0005841,HAM_0007415,nv,nv,vidir_molemax,vidir_modern,images/ISIC_0027804.jpg,images/ISIC_0033018.jpg,4,False,True,False,True
ISIC_0027804,ISIC_0033840,HAM_0005841,HAM_0004503,nv,nv,vidir_molemax,vidir_modern,images/ISIC_0027804.jpg,images/ISIC_0033840.jpg,4,False,True,False,True
ISIC_0027819,ISIC_0029857,HAM_0004827,HAM_0005856,bcc,bcc,rosendahl,rosendahl,images/ISIC_0027819.jpg,images/ISIC_0029857.jpg,4,False,True,False,False
ISIC_0027819,ISIC_0032125,HAM_0004827,HAM_0003305,bcc,nv,rosendahl,rosendahl,images/ISIC_0027819.jpg,images/ISIC_0032125.jpg,4,False,True,True,False
ISIC_0027819,ISIC_0032405,HAM_0004827,HAM_0001455,bcc,nv,rosendahl,rosendahl,images/ISIC_0027819.jpg,images/ISIC_0032405.jpg,4,False,True,True,False
ISIC_0027819,ISIC_0032824,HAM_0004827,HAM_0004590,bcc,nv,rosendahl,vidir_modern,images/ISIC_0027819.jpg,images/ISIC_0032824.jpg,4,False,True,True,True
ISIC_0027819,ISIC_0033018,HAM_0004827,HAM_0007415,bcc,nv,rosendahl,vidir_modern,images/ISIC_0027819.jpg,images/ISIC_0033018.jpg,4,False,True,True,True
ISIC_0027819,ISIC_0033743,HAM_0004827,HAM_0001026,bcc,nv,rosendahl,vidir_modern,images/ISIC_0027819.jpg,images/ISIC_0033743.jpg,4,False,True,True,True
ISIC_0027819,ISIC_0033799,HAM_0004827,HAM_0001912,bcc,nv,rosendahl,vidir_modern,images/ISIC_0027819.jpg,images/ISIC_0033799.jpg,4,False,True,True,True
ISIC_0027836,ISIC_0028760,HAM_0002994,HAM_0006088,nv,mel,vidir_molemax,vidir_molemax,images/ISIC_0027836.jpg,images/ISIC_0028760.jpg,4,False,True,True,False
ISIC_0027938,ISIC_0029294,HAM_0006885,HAM_0003564,nv,nv,vidir_molemax,vidir_molemax,images/ISIC_0027938.jpg,images/ISIC_0029294.jpg,4,False,True,False,False
ISIC_0027940,ISIC_0029294,HAM_0003436,HAM_0003564,nv,nv,vidir_molemax,vidir_molemax,images/ISIC_0027940.jpg,images/ISIC_0029294.jpg,4,False,True,False,False
ISIC_0027959,ISIC_0029289,HAM_0007083,HAM_0001469,nv,bkl,rosendahl,vidir_modern,images/ISIC_0027959.jpg,images/ISIC_0029289.jpg,4,False,True,True,True
ISIC_0027959,ISIC_0030171,HAM_0007083,HAM_0006253,nv,mel,rosendahl,vidir_modern,images/ISIC_0027959.jpg,images/ISIC_0030171.jpg,4,False,True,True,True
ISIC_0027959,ISIC_0033244,HAM_0007083,HAM_0000970,nv,nv,rosendahl,vidir_modern,images/ISIC_0027959.jpg,images/ISIC_0033244.jpg,4,False,True,False,True
ISIC_0027959,ISIC_0034200,HAM_0007083,HAM_0004583,nv,nv,rosendahl,vidir_modern,images/ISIC_0027959.jpg,images/ISIC_0034200.jpg,4,False,True,False,True
ISIC_0027993,ISIC_0030859,HAM_0004659,HAM_0006822,nv,nv,vidir_molemax,vidir_modern,images/ISIC_0027993.jpg,images/ISIC_0030859.jpg,4,False,True,False,True
ISIC_0027993,ISIC_0031731,HAM_0004659,HAM_0005355,nv,nv,vidir_molemax,vidir_molemax,images/ISIC_0027993.jpg,images/ISIC_0031731.jpg,4,False,True,False,False
ISIC_0027993,ISIC_0032336,HAM_0004659,HAM_0002460,nv,nv,vidir_molemax,vidir_molemax,images/ISIC_0027993.jpg,images/ISIC_0032336.jpg,4,False,True,False,False
ISIC_0027999,ISIC_0029289,HAM_0002295,HAM_0001469,nv,bkl,rosendahl,vidir_modern,images/ISIC_0027999.jpg,images/ISIC_0029289.jpg,4,False,True,True,True
ISIC_0027999,ISIC_0029294,HAM_0002295,HAM_0003564,nv,nv,rosendahl,vidir_molemax,images/ISIC_0027999.jpg,images/ISIC_0029294.jpg,4,False,True,False,True
ISIC_0027999,ISIC_0029699,HAM_0002295,HAM_0005241,nv,nv,rosendahl,vidir_molemax,images/ISIC_0027999.jpg,images/ISIC_0029699.jpg,4,False,True,False,True
ISIC_0027999,ISIC_0034200,HAM_0002295,HAM_0004583,nv,nv,rosendahl,vidir_modern,images/ISIC_0027999.jpg,images/ISIC_0034200.jpg,4,False,True,False,True
ISIC_0028030,ISIC_0032228,HAM_0007358,HAM_0003984,nv,nv,vienna_dias,vidir_molemax,images/ISIC_0028030.jpg,images/ISIC_0032228.jpg,4,False,True,False,True
ISIC_0028030,ISIC_0033598,HAM_0007358,HAM_0005496,nv,nv,vienna_dias,vidir_modern,images/ISIC_0028030.jpg,images/ISIC_0033598.jpg,4,False,True,False,True
ISIC_0028038,ISIC_0030573,HAM_0005114,HAM_0003665,nv,nv,vidir_molemax,vidir_molemax,images/ISIC_0028038.jpg,images/ISIC_0030573.jpg,4,False,True,False,False
ISIC_0028047,ISIC_0028743,HAM_0002621,HAM_0001075,nv,nv,vidir_molemax,vidir_molemax,images/ISIC_0028047.jpg,images/ISIC_0028743.jpg,4,False,True,False,False
ISIC_0028047,ISIC_0030657,HAM_0002621,HAM_0005639,nv,nv,vidir_molemax,vidir_molemax,images/ISIC_0028047.jpg,images/ISIC_0030657.jpg,4,False,True,False,False
ISIC_0028114,ISIC_0032134,HAM_0002430,HAM_0002430,mel,mel,vienna_dias,vienna_dias,images/ISIC_0028114.jpg,images/ISIC_0032134.jpg,4,True,False,False,False
ISIC_0028139,ISIC_0030061,HAM_0002429,HAM_0000836,nv,nv,rosendahl,rosendahl,images/ISIC_0028139.jpg,images/ISIC_0030061.jpg,4,False,True,False,False
ISIC_0028346,ISIC_0031344,HAM_0005861,HAM_0005861,df,df,rosendahl,rosendahl,images/ISIC_0028346.jpg,images/ISIC_0031344.jpg,4,True,False,False,False
ISIC_0028362,ISIC_0029215,HAM_0001507,HAM_0001507,nv,nv,vienna_dias,vienna_dias,images/ISIC_0028362.jpg,images/ISIC_0029215.jpg,4,True,False,False,False
ISIC_0028504,ISIC_0030162,HAM_0006910,HAM_0006468,nv,nv,rosendahl,vidir_molemax,images/ISIC_0028504.jpg,images/ISIC_0030162.jpg,4,False,True,False,True
ISIC_0028524,ISIC_0031079,HAM_0003387,HAM_0003387,nv,nv,vienna_dias,vienna_dias,images/ISIC_0028524.jpg,images/ISIC_0031079.jpg,4,True,False,False,False
ISIC_0028648,ISIC_0029141,HAM_0005670,HAM_0004592,nv,akiec,rosendahl,rosendahl,images/ISIC_0028648.jpg,images/ISIC_0029141.jpg,4,False,True,True,False
ISIC_0028760,ISIC_0033743,HAM_0006088,HAM_0001026,mel,nv,vidir_molemax,vidir_modern,images/ISIC_0028760.jpg,images/ISIC_0033743.jpg,4,False,True,True,True
ISIC_0028869,ISIC_0030676,HAM_0002283,HAM_0005054,nv,nv,vidir_molemax,vidir_molemax,images/ISIC_0028869.jpg,images/ISIC_0030676.jpg,4,False,True,False,False
ISIC_0028869,ISIC_0031896,HAM_0002283,HAM_0003027,nv,nv,vidir_molemax,vidir_modern,images/ISIC_0028869.jpg,images/ISIC_0031896.jpg,4,False,True,False,True
ISIC_0028869,ISIC_0032242,HAM_0002283,HAM_0003951,nv,nv,vidir_molemax,vidir_modern,images/ISIC_0028869.jpg,images/ISIC_0032242.jpg,4,False,True,False,True
ISIC_0028946,ISIC_0032811,HAM_0003109,HAM_0002574,nv,nv,vidir_molemax,vidir_modern,images/ISIC_0028946.jpg,images/ISIC_0032811.jpg,4,False,True,False,True
ISIC_0028963,ISIC_0029975,HAM_0002423,HAM_0005994,nv,nv,rosendahl,rosendahl,images/ISIC_0028963.jpg,images/ISIC_0029975.jpg,4,False,True,False,False
ISIC_0028963,ISIC_0030251,HAM_0002423,HAM_0001989,nv,nv,rosendahl,rosendahl,images/ISIC_0028963.jpg,images/ISIC_0030251.jpg,4,False,True,False,False
ISIC_0028963,ISIC_0031838,HAM_0002423,HAM_0002517,nv,nv,rosendahl,rosendahl,images/ISIC_0028963.jpg,images/ISIC_0031838.jpg,4,False,True,False,False
ISIC_0028963,ISIC_0033982,HAM_0002423,HAM_0006643,nv,nv,rosendahl,vidir_modern,images/ISIC_0028963.jpg,images/ISIC_0033982.jpg,4,False,True,False,True
ISIC_0029196,ISIC_0029938,HAM_0001895,HAM_0001895,nv,nv,vienna_dias,vienna_dias,images/ISIC_0029196.jpg,images/ISIC_0029938.jpg,4,True,False,False,False
ISIC_0029228,ISIC_0032120,HAM_0003492,HAM_0000901,nv,nv,vidir_molemax,vidir_molemax,images/ISIC_0029228.jpg,images/ISIC_0032120.jpg,4,False,True,False,False
ISIC_0029248,ISIC_0030442,HAM_0004756,HAM_0004756,df,df,vienna_dias,vienna_dias,images/ISIC_0029248.jpg,images/ISIC_0030442.jpg,4,True,False,False,False
ISIC_0029289,ISIC_0032720,HAM_0001469,HAM_0006295,bkl,nv,vidir_modern,vidir_modern,images/ISIC_0029289.jpg,images/ISIC_0032720.jpg,4,False,True,True,False
ISIC_0029289,ISIC_0034200,HAM_0001469,HAM_0004583,bkl,nv,vidir_modern,vidir_modern,images/ISIC_0029289.jpg,images/ISIC_0034200.jpg,4,False,True,True,False
ISIC_0029294,ISIC_0029636,HAM_0003564,HAM_0001220,nv,nv,vidir_molemax,vidir_modern,images/ISIC_0029294.jpg,images/ISIC_0029636.jpg,4,False,True,False,True
ISIC_0029294,ISIC_0030859,HAM_0003564,HAM_0006822,nv,nv,vidir_molemax,vidir_modern,images/ISIC_0029294.jpg,images/ISIC_0030859.jpg,4,False,True,False,True
ISIC_0029294,ISIC_0031731,HAM_0003564,HAM_0005355,nv,nv,vidir_molemax,vidir_molemax,images/ISIC_0029294.jpg,images/ISIC_0031731.jpg,4,False,True,False,False
ISIC_0029294,ISIC_0032336,HAM_0003564,HAM_0002460,nv,nv,vidir_molemax,vidir_molemax,images/ISIC_0029294.jpg,images/ISIC_0032336.jpg,4,False,True,False,False
ISIC_0029353,ISIC_0031339,HAM_0001744,HAM_0001744,mel,mel,rosendahl,rosendahl,images/ISIC_0029353.jpg,images/ISIC_0031339.jpg,4,True,False,False,False
ISIC_0029359,ISIC_0029746,HAM_0001137,HAM_0001137,nv,nv,vienna_dias,vienna_dias,images/ISIC_0029359.jpg,images/ISIC_0029746.jpg,4,True,False,False,False
ISIC_0029404,ISIC_0032720,HAM_0002692,HAM_0006295,vasc,nv,vidir_modern,vidir_modern,images/ISIC_0029404.jpg,images/ISIC_0032720.jpg,4,False,True,True,False
ISIC_0029410,ISIC_0030468,HAM_0004286,HAM_0003703,nv,nv,vidir_molemax,vidir_molemax,images/ISIC_0029410.jpg,images/ISIC_0030468.jpg,4,False,True,False,False
ISIC_0029480,ISIC_0030251,HAM_0004898,HAM_0001989,mel,nv,rosendahl,rosendahl,images/ISIC_0029480.jpg,images/ISIC_0030251.jpg,4,False,True,True,False
ISIC_0029480,ISIC_0031933,HAM_0004898,HAM_0001455,mel,nv,rosendahl,rosendahl,images/ISIC_0029480.jpg,images/ISIC_0031933.jpg,4,False,True,True,False
ISIC_0029502,ISIC_0030676,HAM_0003617,HAM_0005054,mel,nv,vienna_dias,vidir_molemax,images/ISIC_0029502.jpg,images/ISIC_0030676.jpg,4,False,True,True,True
ISIC_0029502,ISIC_0031896,HAM_0003617,HAM_0003027,mel,nv,vienna_dias,vidir_modern,images/ISIC_0029502.jpg,images/ISIC_0031896.jpg,4,False,True,True,True
ISIC_0029502,ISIC_0032242,HAM_0003617,HAM_0003951,mel,nv,vienna_dias,vidir_modern,images/ISIC_0029502.jpg,images/ISIC_0032242.jpg,4,False,True,True,True
ISIC_0029504,ISIC_0032368,HAM_0001715,HAM_0001715,nv,nv,vienna_dias,vienna_dias,images/ISIC_0029504.jpg,images/ISIC_0032368.jpg,4,True,False,False,False
ISIC_0029636,ISIC_0030859,HAM_0001220,HAM_0006822,nv,nv,vidir_modern,vidir_modern,images/ISIC_0029636.jpg,images/ISIC_0030859.jpg,4,False,True,False,False
ISIC_0029640,ISIC_0029724,HAM_0005284,HAM_0005284,nv,nv,vienna_dias,vienna_dias,images/ISIC_0029640.jpg,images/ISIC_0029724.jpg,4,True,False,False,False
ISIC_0029650,ISIC_0033763,HAM_0001329,HAM_0001218,nv,nv,vidir_modern,vidir_modern,images/ISIC_0029650.jpg,images/ISIC_0033763.jpg,4,False,True,False,False
ISIC_0029699,ISIC_0030859,HAM_0005241,HAM_0006822,nv,nv,vidir_molemax,vidir_modern,images/ISIC_0029699.jpg,images/ISIC_0030859.jpg,4,False,True,False,True
ISIC_0029699,ISIC_0031731,HAM_0005241,HAM_0005355,nv,nv,vidir_molemax,vidir_molemax,images/ISIC_0029699.jpg,images/ISIC_0031731.jpg,4,False,True,False,False
ISIC_0029699,ISIC_0032336,HAM_0005241,HAM_0002460,nv,nv,vidir_molemax,vidir_molemax,images/ISIC_0029699.jpg,images/ISIC_0032336.jpg,4,False,True,False,False
ISIC_0029699,ISIC_0033152,HAM_0005241,HAM_0001135,nv,mel,vidir_molemax,vidir_modern,images/ISIC_0029699.jpg,images/ISIC_0033152.jpg,4,False,True,True,True
ISIC_0029708,ISIC_0030257,HAM_0000899,HAM_0001370,nv,nv,vidir_molemax,vidir_molemax,images/ISIC_0029708.jpg,images/ISIC_0030257.jpg,4,False,True,False,False
ISIC_0029708,ISIC_0032059,HAM_0000899,HAM_0001661,nv,nv,vidir_molemax,vidir_molemax,images/ISIC_0029708.jpg,images/ISIC_0032059.jpg,4,False,True,False,False
ISIC_0029756,ISIC_0033846,HAM_0003221,HAM_0006516,nv,nv,vidir_modern,vidir_modern,images/ISIC_0029756.jpg,images/ISIC_0033846.jpg,4,False,True,False,False
ISIC_0029814,ISIC_0031481,HAM_0004485,HAM_0004485,nv,nv,vienna_dias,vienna_dias,images/ISIC_0029814.jpg,images/ISIC_0031481.jpg,4,True,False,False,False
ISIC_0029857,ISIC_0033018,HAM_0005856,HAM_0007415,bcc,nv,rosendahl,vidir_modern,images/ISIC_0029857.jpg,images/ISIC_0033018.jpg,4,False,True,True,True
ISIC_0029907,ISIC_0032242,HAM_0003285,HAM_0003951,nv,nv,vidir_molemax,vidir_modern,images/ISIC_0029907.jpg,images/ISIC_0032242.jpg,4,False,True,False,True
ISIC_0029975,ISIC_0031932,HAM_0005994,HAM_0004291,nv,nv,rosendahl,rosendahl,images/ISIC_0029975.jpg,images/ISIC_0031932.jpg,4,False,True,False,False
ISIC_0029975,ISIC_0031933,HAM_0005994,HAM_0001455,nv,nv,rosendahl,rosendahl,images/ISIC_0029975.jpg,images/ISIC_0031933.jpg,4,False,True,False,False
ISIC_0029975,ISIC_0032228,HAM_0005994,HAM_0003984,nv,nv,rosendahl,vidir_molemax,images/ISIC_0029975.jpg,images/ISIC_0032228.jpg,4,False,True,False,True
ISIC_0029975,ISIC_0033598,HAM_0005994,HAM_0005496,nv,nv,rosendahl,vidir_modern,images/ISIC_0029975.jpg,images/ISIC_0033598.jpg,4,False,True,False,True
ISIC_0030117,ISIC_0033329,HAM_0001361,HAM_0004586,nv,nv,rosendahl,vidir_modern,images/ISIC_0030117.jpg,images/ISIC_0033329.jpg,4,False,True,False,True
ISIC_0030123,ISIC_0031322,HAM_0006652,HAM_0006411,bkl,nv,vidir_modern,vidir_modern,images/ISIC_0030123.jpg,images/ISIC_0031322.jpg,4,False,True,True,False
ISIC_0030162,ISIC_0032496,HAM_0006468,HAM_0005578,nv,nv,vidir_molemax,vienna_dias,images/ISIC_0030162.jpg,images/ISIC_0032496.jpg,4,False,True,False,True
ISIC_0030198,ISIC_0030456,HAM_0005695,HAM_0000194,nv,nv,rosendahl,rosendahl,images/ISIC_0030198.jpg,images/ISIC_0030456.jpg,4,False,True,False,False
ISIC_0030251,ISIC_0032195,HAM_0001989,HAM_0007075,nv,nv,rosendahl,rosendahl,images/ISIC_0030251.jpg,images/ISIC_0032195.jpg,4,False,True,False,False
ISIC_0030251,ISIC_0033561,HAM_0001989,HAM_0004708,nv,nv,rosendahl,vidir_modern,images/ISIC_0030251.jpg,images/ISIC_0033561.jpg,4,False,True,False,True
ISIC_0030257,ISIC_0032059,HAM_0001370,HAM_0001661,nv,nv,vidir_molemax,vidir_molemax,images/ISIC_0030257.jpg,images/ISIC_0032059.jpg,4,False,True,False,False
ISIC_0030513,ISIC_0032811,HAM_0006060,HAM_0002574,nv,nv,vidir_molemax,vidir_modern,images/ISIC_0030513.jpg,images/ISIC_0032811.jpg,4,False,True,False,True
ISIC_0030542,ISIC_0031876,HAM_0002810,HAM_0002810,bkl,bkl,vienna_dias,vienna_dias,images/ISIC_0030542.jpg,images/ISIC_0031876.jpg,4,True,False,False,False
ISIC_0030556,ISIC_0034008,HAM_0001771,HAM_0006610,nv,nv,vidir_molemax,vidir_modern,images/ISIC_0030556.jpg,images/ISIC_0034008.jpg,4,False,True,False,True
ISIC_0030641,ISIC_0031599,HAM_0006079,HAM_0003263,nv,nv,vidir_molemax,rosendahl,images/ISIC_0030641.jpg,images/ISIC_0031599.jpg,4,False,True,False,True
ISIC_0030641,ISIC_0033339,HAM_0006079,HAM_0000316,nv,nv,vidir_molemax,vidir_modern,images/ISIC_0030641.jpg,images/ISIC_0033339.jpg,4,False,True,False,True
ISIC_0030652,ISIC_0031204,HAM_0002628,HAM_0002628,nv,nv,vienna_dias,vienna_dias,images/ISIC_0030652.jpg,images/ISIC_0031204.jpg,4,True,False,False,False
ISIC_0030653,ISIC_0032263,HAM_0003957,HAM_0001290,mel,nv,rosendahl,vidir_molemax,images/ISIC_0030653.jpg,images/ISIC_0032263.jpg,4,False,True,True,True
ISIC_0030657,ISIC_0031574,HAM_0005639,HAM_0005928,nv,nv,vidir_molemax,vidir_molemax,images/ISIC_0030657.jpg,images/ISIC_0031574.jpg,4,False,True,False,False
ISIC_0030676,ISIC_0031896,HAM_0005054,HAM_0003027,nv,nv,vidir_molemax,vidir_modern,images/ISIC_0030676.jpg,images/ISIC_0031896.jpg,4,False,True,False,True
ISIC_0030676,ISIC_0032242,HAM_0005054,HAM_0003951,nv,nv,vidir_molemax,vidir_modern,images/ISIC_0030676.jpg,images/ISIC_0032242.jpg,4,False,True,False,True
ISIC_0030859,ISIC_0031731,HAM_0006822,HAM_0005355,nv,nv,vidir_modern,vidir_molemax,images/ISIC_0030859.jpg,images/ISIC_0031731.jpg,4,False,True,False,True
ISIC_0030859,ISIC_0032336,HAM_0006822,HAM_0002460,nv,nv,vidir_modern,vidir_molemax,images/ISIC_0030859.jpg,images/ISIC_0032336.jpg,4,False,True,False,True
ISIC_0030859,ISIC_0033152,HAM_0006822,HAM_0001135,nv,mel,vidir_modern,vidir_modern,images/ISIC_0030859.jpg,images/ISIC_0033152.jpg,4,False,True,True,False
ISIC_0031042,ISIC_0032195,HAM_0005994,HAM_0007075,nv,nv,rosendahl,rosendahl,images/ISIC_0031042.jpg,images/ISIC_0032195.jpg,4,False,True,False,False
ISIC_0031064,ISIC_0031933,HAM_0000798,HAM_0001455,nv,nv,rosendahl,rosendahl,images/ISIC_0031064.jpg,images/ISIC_0031933.jpg,4,False,True,False,False
ISIC_0031064,ISIC_0032475,HAM_0000798,HAM_0007448,nv,nv,rosendahl,vidir_modern,images/ISIC_0031064.jpg,images/ISIC_0032475.jpg,4,False,True,False,True
ISIC_0031273,ISIC_0031731,HAM_0006687,HAM_0005355,nv,nv,vidir_molemax,vidir_molemax,images/ISIC_0031273.jpg,images/ISIC_0031731.jpg,4,False,True,False,False
ISIC_0031273,ISIC_0032336,HAM_0006687,HAM_0002460,nv,nv,vidir_molemax,vidir_molemax,images/ISIC_0031273.jpg,images/ISIC_0032336.jpg,4,False,True,False,False
ISIC_0031451,ISIC_0031932,HAM_0006401,HAM_0004291,nv,nv,rosendahl,rosendahl,images/ISIC_0031451.jpg,images/ISIC_0031932.jpg,4,False,True,False,False
ISIC_0031599,ISIC_0032242,HAM_0003263,HAM_0003951,nv,nv,rosendahl,vidir_modern,images/ISIC_0031599.jpg,images/ISIC_0032242.jpg,4,False,True,False,True
ISIC_0031599,ISIC_0033339,HAM_0003263,HAM_0000316,nv,nv,rosendahl,vidir_modern,images/ISIC_0031599.jpg,images/ISIC_0033339.jpg,4,False,True,False,True
ISIC_0031599,ISIC_0034065,HAM_0003263,HAM_0005748,nv,mel,rosendahl,vidir_modern,images/ISIC_0031599.jpg,images/ISIC_0034065.jpg,4,False,True,True,True
ISIC_0031604,ISIC_0032980,HAM_0004792,HAM_0001133,nv,nv,vidir_molemax,vidir_modern,images/ISIC_0031604.jpg,images/ISIC_0032980.jpg,4,False,True,False,True
ISIC_0031629,ISIC_0033846,HAM_0002489,HAM_0006516,nv,nv,vidir_modern,vidir_modern,images/ISIC_0031629.jpg,images/ISIC_0033846.jpg,4,False,True,False,False
ISIC_0031731,ISIC_0032157,HAM_0005355,HAM_0000353,nv,nv,vidir_molemax,rosendahl,images/ISIC_0031731.jpg,images/ISIC_0032157.jpg,4,False,True,False,True
ISIC_0031805,ISIC_0032409,HAM_0005023,HAM_0001238,nv,vasc,vidir_molemax,vidir_molemax,images/ISIC_0031805.jpg,images/ISIC_0032409.jpg,4,False,True,True,False
ISIC_0031933,ISIC_0032228,HAM_0001455,HAM_0003984,nv,nv,rosendahl,vidir_molemax,images/ISIC_0031933.jpg,images/ISIC_0032228.jpg,4,False,True,False,True
ISIC_0031933,ISIC_0032475,HAM_0001455,HAM_0007448,nv,nv,rosendahl,vidir_modern,images/ISIC_0031933.jpg,images/ISIC_0032475.jpg,4,False,True,False,True
ISIC_0031933,ISIC_0033598,HAM_0001455,HAM_0005496,nv,nv,rosendahl,vidir_modern,images/ISIC_0031933.jpg,images/ISIC_0033598.jpg,4,False,True,False,True
ISIC_0031933,ISIC_0033982,HAM_0001455,HAM_0006643,nv,nv,rosendahl,vidir_modern,images/ISIC_0031933.jpg,images/ISIC_0033982.jpg,4,False,True,False,True
ISIC_0031933,ISIC_0034206,HAM_0001455,HAM_0001133,nv,nv,rosendahl,vidir_modern,images/ISIC_0031933.jpg,images/ISIC_0034206.jpg,4,False,True,False,True
ISIC_0031950,ISIC_0032228,HAM_0005158,HAM_0003984,vasc,nv,vienna_dias,vidir_molemax,images/ISIC_0031950.jpg,images/ISIC_0032228.jpg,4,False,True,True,True
ISIC_0031950,ISIC_0033598,HAM_0005158,HAM_0005496,vasc,nv,vienna_dias,vidir_modern,images/ISIC_0031950.jpg,images/ISIC_0033598.jpg,4,False,True,True,True
ISIC_0032125,ISIC_0033018,HAM_0003305,HAM_0007415,nv,nv,rosendahl,vidir_modern,images/ISIC_0032125.jpg,images/ISIC_0033018.jpg,4,False,True,False,True
ISIC_0032125,ISIC_0033799,HAM_0003305,HAM_0001912,nv,nv,rosendahl,vidir_modern,images/ISIC_0032125.jpg,images/ISIC_0033799.jpg,4,False,True,False,True
ISIC_0032125,ISIC_0034244,HAM_0003305,HAM_0006121,nv,nv,rosendahl,vidir_modern,images/ISIC_0032125.jpg,images/ISIC_0034244.jpg,4,False,True,False,True
ISIC_0032228,ISIC_0033561,HAM_0003984,HAM_0004708,nv,nv,vidir_molemax,vidir_modern,images/ISIC_0032228.jpg,images/ISIC_0033561.jpg,4,False,True,False,True
ISIC_0032242,ISIC_0034193,HAM_0003951,HAM_0004351,nv,nv,vidir_modern,vidir_modern,images/ISIC_0032242.jpg,images/ISIC_0034193.jpg,4,False,True,False,False
ISIC_0032338,ISIC_0033912,HAM_0004024,HAM_0002874,nv,nv,vidir_modern,vidir_modern,images/ISIC_0032338.jpg,images/ISIC_0033912.jpg,4,False,True,False,False
ISIC_0032405,ISIC_0032824,HAM_0001455,HAM_0004590,nv,nv,rosendahl,vidir_modern,images/ISIC_0032405.jpg,images/ISIC_0032824.jpg,4,False,True,False,True
ISIC_0032405,ISIC_0033018,HAM_0001455,HAM_0007415,nv,nv,rosendahl,vidir_modern,images/ISIC_0032405.jpg,images/ISIC_0033018.jpg,4,False,True,False,True
ISIC_0032405,ISIC_0033409,HAM_0001455,HAM_0005539,nv,nv,rosendahl,vidir_modern,images/ISIC_0032405.jpg,images/ISIC_0033409.jpg,4,False,True,False,True
ISIC_0032405,ISIC_0033743,HAM_0001455,HAM_0001026,nv,nv,rosendahl,vidir_modern,images/ISIC_0032405.jpg,images/ISIC_0033743.jpg,4,False,True,False,True
ISIC_0032405,ISIC_0033840,HAM_0001455,HAM_0004503,nv,nv,rosendahl,vidir_modern,images/ISIC_0032405.jpg,images/ISIC_0033840.jpg,4,False,True,False,True
ISIC_0032475,ISIC_0034206,HAM_0007448,HAM_0001133,nv,nv,vidir_modern,vidir_modern,images/ISIC_0032475.jpg,images/ISIC_0034206.jpg,4,False,True,False,False
ISIC_0032541,ISIC_0033018,HAM_0007415,HAM_0007415,nv,nv,vidir_modern,vidir_modern,images/ISIC_0032541.jpg,images/ISIC_0033018.jpg,4,True,False,False,False
ISIC_0032670,ISIC_0034018,HAM_0005601,HAM_0002569,nv,nv,vidir_modern,vidir_modern,images/ISIC_0032670.jpg,images/ISIC_0034018.jpg,4,False,True,False,False
ISIC_0032728,ISIC_0032786,HAM_0004550,HAM_0002139,nv,nv,vidir_modern,vidir_modern,images/ISIC_0032728.jpg,images/ISIC_0032786.jpg,4,False,True,False,False
ISIC_0032758,ISIC_0032851,HAM_0006329,HAM_0001908,nv,nv,vidir_modern,vidir_modern,images/ISIC_0032758.jpg,images/ISIC_0032851.jpg,4,False,True,False,False
ISIC_0032792,ISIC_0034052,HAM_0006121,HAM_0003566,nv,mel,vidir_modern,vidir_modern,images/ISIC_0032792.jpg,images/ISIC_0034052.jpg,4,False,True,True,False
ISIC_0032824,ISIC_0033018,HAM_0004590,HAM_0007415,nv,nv,vidir_modern,vidir_modern,images/ISIC_0032824.jpg,images/ISIC_0033018.jpg,4,False,True,False,False
ISIC_0032824,ISIC_0033799,HAM_0004590,HAM_0001912,nv,nv,vidir_modern,vidir_modern,images/ISIC_0032824.jpg,images/ISIC_0033799.jpg,4,False,True,False,False
ISIC_0032824,ISIC_0033840,HAM_0004590,HAM_0004503,nv,nv,vidir_modern,vidir_modern,images/ISIC_0032824.jpg,images/ISIC_0033840.jpg,4,False,True,False,False
ISIC_0032939,ISIC_0033889,HAM_0003358,HAM_0005062,nv,nv,vidir_modern,vidir_modern,images/ISIC_0032939.jpg,images/ISIC_0033889.jpg,4,False,True,False,False
ISIC_0032966,ISIC_0033115,HAM_0004076,HAM_0007348,nv,nv,vidir_modern,vidir_modern,images/ISIC_0032966.jpg,images/ISIC_0033115.jpg,4,False,True,False,False
ISIC_0033018,ISIC_0033347,HAM_0007415,HAM_0006080,nv,nv,vidir_modern,vidir_modern,images/ISIC_0033018.jpg,images/ISIC_0033347.jpg,4,False,True,False,False
ISIC_0033018,ISIC_0033799,HAM_0007415,HAM_0001912,nv,nv,vidir_modern,vidir_modern,images/ISIC_0033018.jpg,images/ISIC_0033799.jpg,4,False,True,False,False
ISIC_0033307,ISIC_0033784,HAM_0000332,HAM_0000332,bkl,bkl,vidir_modern,vidir_modern,images/ISIC_0033307.jpg,images/ISIC_0033784.jpg,4,True,False,False,False
ISIC_0033532,ISIC_0033541,HAM_0005209,HAM_0005601,nv,nv,vidir_modern,vidir_modern,images/ISIC_0033532.jpg,images/ISIC_0033541.jpg,4,False,True,False,False
ISIC_0033561,ISIC_0033598,HAM_0004708,HAM_0005496,nv,nv,vidir_modern,vidir_modern,images/ISIC_0033561.jpg,images/ISIC_0033598.jpg,4,False,True,False,False
ISIC_0034128,ISIC_0034193,HAM_0004226,HAM_0004351,nv,nv,vidir_modern,vidir_modern,images/ISIC_0034128.jpg,images/ISIC_0034193.jpg,4,False,True,False,False
ISIC_0024326,ISIC_0025290,HAM_0001812,HAM_0001340,nv,nv,vidir_molemax,vidir_molemax,images/ISIC_0024326.jpg,images/ISIC_0025290.jpg,6,False,True,False,False
ISIC_0024326,ISIC_0026906,HAM_0001812,HAM_0005782,nv,nv,vidir_molemax,vidir_molemax,images/ISIC_0024326.jpg,images/ISIC_0026906.jpg,6,False,True,False,False
ISIC_0024326,ISIC_0026935,HAM_0001812,HAM_0003909,nv,nv,vidir_molemax,vidir_molemax,images/ISIC_0024326.jpg,images/ISIC_0026935.jpg,6,False,True,False,False
ISIC_0024326,ISIC_0027494,HAM_0001812,HAM_0003554,nv,nv,vidir_molemax,vidir_molemax,images/ISIC_0024326.jpg,images/ISIC_0027494.jpg,6,False,True,False,False
ISIC_0024326,ISIC_0029416,HAM_0001812,HAM_0005455,nv,nv,vidir_molemax,vidir_molemax,images/ISIC_0024326.jpg,images/ISIC_0029416.jpg,6,False,True,False,False
ISIC_0024326,ISIC_0031435,HAM_0001812,HAM_0004747,nv,nv,vidir_molemax,vidir_modern,images/ISIC_0024326.jpg,images/ISIC_0031435.jpg,6,False,True,False,True
ISIC_0024326,ISIC_0031731,HAM_0001812,HAM_0005355,nv,nv,vidir_molemax,vidir_molemax,images/ISIC_0024326.jpg,images/ISIC_0031731.jpg,6,False,True,False,False
ISIC_0024326,ISIC_0032336,HAM_0001812,HAM_0002460,nv,nv,vidir_molemax,vidir_molemax,images/ISIC_0024326.jpg,images/ISIC_0032336.jpg,6,False,True,False,False
ISIC_0024339,ISIC_0030686,HAM_0005781,HAM_0001592,nv,nv,vidir_molemax,vidir_molemax,images/ISIC_0024339.jpg,images/ISIC_0030686.jpg,6,False,True,False,False
ISIC_0024350,ISIC_0028249,HAM_0006264,HAM_0002118,nv,nv,vidir_molemax,vidir_molemax,images/ISIC_0024350.jpg,images/ISIC_0028249.jpg,6,False,True,False,False
ISIC_0024352,ISIC_0027313,HAM_0004897,HAM_0001108,nv,nv,rosendahl,vidir_molemax,images/ISIC_0024352.jpg,images/ISIC_0027313.jpg,6,False,True,False,True
ISIC_0024352,ISIC_0027804,HAM_0004897,HAM_0005841,nv,nv,rosendahl,vidir_molemax,images/ISIC_0024352.jpg,images/ISIC_0027804.jpg,6,False,True,False,True
ISIC_0024352,ISIC_0027819,HAM_0004897,HAM_0004827,nv,bcc,rosendahl,rosendahl,images/ISIC_0024352.jpg,images/ISIC_0027819.jpg,6,False,True,True,False
ISIC_0024352,ISIC_0029292,HAM_0004897,HAM_0004295,nv,nv,rosendahl,vidir_molemax,images/ISIC_0024352.jpg,images/ISIC_0029292.jpg,6,False,True,False,True
ISIC_0024352,ISIC_0029925,HAM_0004897,HAM_0004061,nv,nv,rosendahl,vidir_molemax,images/ISIC_0024352.jpg,images/ISIC_0029925.jpg,6,False,True,False,True
ISIC_0024352,ISIC_0030198,HAM_0004897,HAM_0005695,nv,nv,rosendahl,rosendahl,images/ISIC_0024352.jpg,images/ISIC_0030198.jpg,6,False,True,False,False
ISIC_0024352,ISIC_0032405,HAM_0004897,HAM_0001455,nv,nv,rosendahl,rosendahl,images/ISIC_0024352.jpg,images/ISIC_0032405.jpg,6,False,True,False,False
ISIC_0024352,ISIC_0033018,HAM_0004897,HAM_0007415,nv,nv,rosendahl,vidir_modern,images/ISIC_0024352.jpg,images/ISIC_0033018.jpg,6,False,True,False,True
ISIC_0024389,ISIC_0028843,HAM_0001760,HAM_0002409,nv,nv,vidir_molemax,vidir_modern,images/ISIC_0024389.jpg,images/ISIC_0028843.jpg,6,False,True,False,True
ISIC_0024393,ISIC_0025198,HAM_0001432,HAM_0006408,nv,nv,vidir_molemax,rosendahl,images/ISIC_0024393.jpg,images/ISIC_0025198.jpg,6,False,True,False,True
ISIC_0024393,ISIC_0028743,HAM_0001432,HAM_0001075,nv,nv,vidir_molemax,vidir_molemax,images/ISIC_0024393.jpg,images/ISIC_0028743.jpg,6,False,True,False,False
ISIC_0024404,ISIC_0029526,HAM_0005076,HAM_0001061,nv,nv,vidir_molemax,vidir_molemax,images/ISIC_0024404.jpg,images/ISIC_0029526.jpg,6,False,True,False,False
ISIC_0024404,ISIC_0029532,HAM_0005076,HAM_0006314,nv,nv,vidir_molemax,vidir_molemax,images/ISIC_0024404.jpg,images/ISIC_0029532.jpg,6,False,True,False,False
ISIC_0024416,ISIC_0026711,HAM_0002172,HAM_0007030,nv,nv,rosendahl,rosendahl,images/ISIC_0024416.jpg,images/ISIC_0026711.jpg,6,False,True,False,False
ISIC_0024416,ISIC_0028809,HAM_0002172,HAM_0004991,nv,nv,rosendahl,rosendahl,images/ISIC_0024416.jpg,images/ISIC_0028809.jpg,6,False,True,False,False
ISIC_0024437,ISIC_0027918,HAM_0002566,HAM_0005844,nv,nv,vidir_modern,vidir_molemax,images/ISIC_0024437.jpg,images/ISIC_0027918.jpg,6,False,True,False,True
ISIC_0024437,ISIC_0028042,HAM_0002566,HAM_0003579,nv,nv,vidir_modern,vidir_modern,images/ISIC_0024437.jpg,images/ISIC_0028042.jpg,6,False,True,False,False
ISIC_0024437,ISIC_0029756,HAM_0002566,HAM_0003221,nv,nv,vidir_modern,vidir_modern,images/ISIC_0024437.jpg,images/ISIC_0029756.jpg,6,False,True,False,False
ISIC_0024437,ISIC_0033846,HAM_0002566,HAM_0006516,nv,nv,vidir_modern,vidir_modern,images/ISIC_0024437.jpg,images/ISIC_0033846.jpg,6,False,True,False,False
ISIC_0024479,ISIC_0025152,HAM_0006469,HAM_0000044,nv,nv,vidir_modern,vidir_modern,images/ISIC_0024479.jpg,images/ISIC_0025152.jpg,6,False,True,False,False
ISIC_0024479,ISIC_0026934,HAM_0006469,HAM_0002729,nv,nv,vidir_modern,vidir_modern,images/ISIC_0024479.jpg,images/ISIC_0026934.jpg,6,False,True,False,False
ISIC_0024479,ISIC_0027117,HAM_0006469,HAM_0006351,nv,bcc,vidir_modern,vidir_modern,images/ISIC_0024479.jpg,images/ISIC_0027117.jpg,6,False,True,True,False
ISIC_0024479,ISIC_0027501,HAM_0006469,HAM_0006032,nv,nv,vidir_modern,vidir_modern,images/ISIC_0024479.jpg,images/ISIC_0027501.jpg,6,False,True,False,False
ISIC_0024479,ISIC_0029289,HAM_0006469,HAM_0001469,nv,bkl,vidir_modern,vidir_modern,images/ISIC_0024479.jpg,images/ISIC_0029289.jpg,6,False,True,True,False
ISIC_0024479,ISIC_0029294,HAM_0006469,HAM_0003564,nv,nv,vidir_modern,vidir_molemax,images/ISIC_0024479.jpg,images/ISIC_0029294.jpg,6,False,True,False,True
ISIC_0024479,ISIC_0029699,HAM_0006469,HAM_0005241,nv,nv,vidir_modern,vidir_molemax,images/ISIC_0024479.jpg,images/ISIC_0029699.jpg,6,False,True,False,True
ISIC_0024479,ISIC_0031731,HAM_0006469,HAM_0005355,nv,nv,vidir_modern,vidir_molemax,images/ISIC_0024479.jpg,images/ISIC_0031731.jpg,6,False,True,False,True
ISIC_0024479,ISIC_0032336,HAM_0006469,HAM_0002460,nv,nv,vidir_modern,vidir_molemax,images/ISIC_0024479.jpg,images/ISIC_0032336.jpg,6,False,True,False,True
ISIC_0024481,ISIC_0030529,HAM_0003315,HAM_0001459,mel,nv,vidir_modern,vidir_molemax,images/ISIC_0024481.jpg,images/ISIC_0030529.jpg,6,False,True,True,True
ISIC_0024502,ISIC_0029009,HAM_0001732,HAM_0001705,nv,nv,vidir_molemax,vidir_molemax,images/ISIC_0024502.jpg,images/ISIC_0029009.jpg,6,False,True,False,False
ISIC_0024506,ISIC_0024722,HAM_0004340,HAM_0005452,nv,nv,vidir_molemax,vidir_molemax,images/ISIC_0024506.jpg,images/ISIC_0024722.jpg,6,False,True,False,False
ISIC_0024520,ISIC_0031811,HAM_0003113,HAM_0003113,nv,nv,vienna_dias,vienna_dias,images/ISIC_0024520.jpg,images/ISIC_0031811.jpg,6,True,False,False,False
ISIC_0024524,ISIC_0025141,HAM_0000468,HAM_0006599,nv,nv,vidir_modern,vidir_modern,images/ISIC_0024524.jpg,images/ISIC_0025141.jpg,6,False,True,False,False
ISIC_0024524,ISIC_0025592,HAM_0000468,HAM_0001105,nv,mel,vidir_modern,vidir_modern,images/ISIC_0024524.jpg,images/ISIC_0025592.jpg,6,False,True,True,False
ISIC_0024524,ISIC_0025891,HAM_0000468,HAM_0001600,nv,mel,vidir_modern,vidir_modern,images/ISIC_0024524.jpg,images/ISIC_0025891.jpg,6,False,True,True,False
ISIC_0024524,ISIC_0033846,HAM_0000468,HAM_0006516,nv,nv,vidir_modern,vidir_modern,images/ISIC_0024524.jpg,images/ISIC_0033846.jpg,6,False,True,False,False
ISIC_0024526,ISIC_0027273,HAM_0000290,HAM_0004606,nv,nv,vidir_molemax,vidir_molemax,images/ISIC_0024526.jpg,images/ISIC_0027273.jpg,6,False,True,False,False
ISIC_0024541,ISIC_0034030,HAM_0004502,HAM_0003181,nv,nv,vidir_molemax,vidir_modern,images/ISIC_0024541.jpg,images/ISIC_0034030.jpg,6,False,True,False,True
ISIC_0024561,ISIC_0025579,HAM_0000707,HAM_0005894,nv,nv,rosendahl,rosendahl,images/ISIC_0024561.jpg,images/ISIC_0025579.jpg,6,False,True,False,False
ISIC_0024561,ISIC_0032980,HAM_0000707,HAM_0001133,nv,nv,rosendahl,vidir_modern,images/ISIC_0024561.jpg,images/ISIC_0032980.jpg,6,False,True,False,True
ISIC_0024577,ISIC_0024698,HAM_0005531,HAM_0001751,nv,nv,vidir_modern,vidir_modern,images/ISIC_0024577.jpg,images/ISIC_0024698.jpg,6,False,True,False,False
ISIC_0024577,ISIC_0024781,HAM_0005531,HAM_0003919,nv,nv,vidir_modern,rosendahl,images/ISIC_0024577.jpg,images/ISIC_0024781.jpg,6,False,True,False,True
ISIC_0024577,ISIC_0025141,HAM_0005531,HAM_0006599,nv,nv,vidir_modern,vidir_modern,images/ISIC_0024577.jpg,images/ISIC_0025141.jpg,6,False,True,False,False
ISIC_0024577,ISIC_0029749,HAM_0005531,HAM_0001962,nv,nv,vidir_modern,rosendahl,images/ISIC_0024577.jpg,images/ISIC_0029749.jpg,6,False,True,False,True
ISIC_0024577,ISIC_0029756,HAM_0005531,HAM_0003221,nv,nv,vidir_modern,vidir_modern,images/ISIC_0024577.jpg,images/ISIC_0029756.jpg,6,False,True,False,False
ISIC_0024594,ISIC_0026922,HAM_0000892,HAM_0006881,nv,nv,vidir_modern,rosendahl,images/ISIC_0024594.jpg,images/ISIC_0026922.jpg,6,False,True,False,True
ISIC_0024594,ISIC_0027797,HAM_0000892,HAM_0000910,nv,mel,vidir_modern,rosendahl,images/ISIC_0024594.jpg,images/ISIC_0027797.jpg,6,False,True,True,True
ISIC_0024594,ISIC_0028030,HAM_0000892,HAM_0007358,nv,nv,vidir_modern,vienna_dias,images/ISIC_0024594.jpg,images/ISIC_0028030.jpg,6,False,True,False,True
ISIC_0024594,ISIC_0030251,HAM_0000892,HAM_0001989,nv,nv,vidir_modern,rosendahl,images/ISIC_0024594.jpg,images/ISIC_0030251.jpg,6,False,True,False,True
ISIC_0024594,ISIC_0031042,HAM_0000892,HAM_0005994,nv,nv,vidir_modern,rosendahl,images/ISIC_0024594.jpg,images/ISIC_0031042.jpg,6,False,True,False,True
ISIC_0024594,ISIC_0031950,HAM_0000892,HAM_0005158,nv,vasc,vidir_modern,vienna_dias,images/ISIC_0024594.jpg,images/ISIC_0031950.jpg,6,False,True,True,True
ISIC_0024594,ISIC_0032195,HAM_0000892,HAM_0007075,nv,nv,vidir_modern,rosendahl,images/ISIC_0024594.jpg,images/ISIC_0032195.jpg,6,False,True,False,True
ISIC_0024594,ISIC_0032228,HAM_0000892,HAM_0003984,nv,nv,vidir_modern,vidir_molemax,images/ISIC_0024594.jpg,images/ISIC_0032228.jpg,6,False,True,False,True
ISIC_0024594,ISIC_0033561,HAM_0000892,HAM_0004708,nv,nv,vidir_modern,vidir_modern,images/ISIC_0024594.jpg,images/ISIC_0033561.jpg,6,False,True,False,False
ISIC_0024594,ISIC_0033598,HAM_0000892,HAM_0005496,nv,nv,vidir_modern,vidir_modern,images/ISIC_0024594.jpg,images/ISIC_0033598.jpg,6,False,True,False,False
ISIC_0024594,ISIC_0033836,HAM_0000892,HAM_0001405,nv,nv,vidir_modern,vidir_modern,images/ISIC_0024594.jpg,images/ISIC_0033836.jpg,6,False,True,False,False
ISIC_0024612,ISIC_0026224,HAM_0000383,HAM_0005589,bkl,nv,rosendahl,vidir_molemax,images/ISIC_0024612.jpg,images/ISIC_0026224.jpg,6,False,True,True,True
ISIC_0024612,ISIC_0026996,HAM_0000383,HAM_0004121,bkl,mel,rosendahl,vidir_modern,images/ISIC_0024612.jpg,images/ISIC_0026996.jpg,6,False,True,True,True
ISIC_0024612,ISIC_0028557,HAM_0000383,HAM_0005395,bkl,nv,rosendahl,rosendahl,images/ISIC_0024612.jpg,images/ISIC_0028557.jpg,6,False,True,True,False
ISIC_0024612,ISIC_0031302,HAM_0000383,HAM_0001846,bkl,nv,rosendahl,rosendahl,images/ISIC_0024612.jpg,images/ISIC_0031302.jpg,6,False,True,True,False
ISIC_0024612,ISIC_0031620,HAM_0000383,HAM_0007431,bkl,bkl,rosendahl,rosendahl,images/ISIC_0024612.jpg,images/ISIC_0031620.jpg,6,False,True,False,False
ISIC_0024612,ISIC_0032728,HAM_0000383,HAM_0004550,bkl,nv,rosendahl,vidir_modern,images/ISIC_0024612.jpg,images/ISIC_0032728.jpg,6,False,True,True,True
ISIC_0024612,ISIC_0034298,HAM_0000383,HAM_0007462,bkl,nv,rosendahl,vidir_modern,images/ISIC_0024612.jpg,images/ISIC_0034298.jpg,6,False,True,True,True
ISIC_0024613,ISIC_0027993,HAM_0001291,HAM_0004659,nv,nv,vidir_molemax,vidir_molemax,images/ISIC_0024613.jpg,images/ISIC_0027993.jpg,6,False,True,False,False
ISIC_0024620,ISIC_0032015,HAM_0001881,HAM_0005643,nv,nv,rosendahl,rosendahl,images/ISIC_0024620.jpg,images/ISIC_0032015.jpg,6,False,True,False,False
ISIC_0024642,ISIC_0026987,HAM_0000947,HAM_0006994,nv,nv,vidir_modern,rosendahl,images/ISIC_0024642.jpg,images/ISIC_0026987.jpg,6,False,True,False,True
ISIC_0024642,ISIC_0034206,HAM_0000947,HAM_0001133,nv,nv,vidir_modern,vidir_modern,images/ISIC_0024642.jpg,images/ISIC_0034206.jpg,6,False,True,False,False
ISIC_0024663,ISIC_0030290,HAM_0000640,HAM_0004391,nv,nv,vidir_molemax,vidir_molemax,images/ISIC_0024663.jpg,images/ISIC_0030290.jpg,6,False,True,False,False
ISIC_0024666,ISIC_0027153,HAM_0005435,HAM_0000853,bcc,nv,vidir_modern,vidir_molemax,images/ISIC_0024666.jpg,images/ISIC_0027153.jpg,6,False,True,True,True
ISIC_0024671,ISIC_0030099,HAM_0001098,HAM_0000474,nv,nv,vidir_molemax,vidir_molemax,images/ISIC_0024671.jpg,images/ISIC_0030099.jpg,6,False,True,False,False
ISIC_0024671,ISIC_0030611,HAM_0001098,HAM_0001795,nv,nv,vidir_molemax,vidir_molemax,images/ISIC_0024671.jpg,images/ISIC_0030611.jpg,6,False,True,False,False
ISIC_0024671,ISIC_0032600,HAM_0001098,HAM_0001930,nv,nv,vidir_molemax,vidir_modern,images/ISIC_0024671.jpg,images/ISIC_0032600.jpg,6,False,True,False,True
ISIC_0024671,ISIC_0033763,HAM_0001098,HAM_0001218,nv,nv,vidir_molemax,vidir_modern,images/ISIC_0024671.jpg,images/ISIC_0033763.jpg,6,False,True,False,True
ISIC_0024683,ISIC_0031750,HAM_0006913,HAM_0007484,nv,nv,vidir_modern,vidir_modern,images/ISIC_0024683.jpg,images/ISIC_0031750.jpg,6,False,True,False,False
ISIC_0024689,ISIC_0030641,HAM_0000610,HAM_0006079,nv,nv,vidir_molemax,vidir_molemax,images/ISIC_0024689.jpg,images/ISIC_0030641.jpg,6,False,True,False,False
ISIC_0024689,ISIC_0030725,HAM_0000610,HAM_0000300,nv,nv,vidir_molemax,vidir_molemax,images/ISIC_0024689.jpg,images/ISIC_0030725.jpg,6,False,True,False,False
ISIC_0024689,ISIC_0032600,HAM_0000610,HAM_0001930,nv,nv,vidir_molemax,vidir_modern,images/ISIC_0024689.jpg,images/ISIC_0032600.jpg,6,False,True,False,True
ISIC_0024694,ISIC_0030610,HAM_0001130,HAM_0001130,nv,nv,vienna_dias,vienna_dias,images/ISIC_0024694.jpg,images/ISIC_0030610.jpg,6,True,False,False,False
ISIC_0024698,ISIC_0027455,HAM_0001751,HAM_0004673,nv,bkl,vidir_modern,vidir_modern,images/ISIC_0024698.jpg,images/ISIC_0027455.jpg,6,False,True,True,False
ISIC_0024704,ISIC_0025000,HAM_0001936,HAM_0001643,nv,nv,rosendahl,rosendahl,images/ISIC_0024704.jpg,images/ISIC_0025000.jpg,6,False,True,False,False
ISIC_0024704,ISIC_0025477,HAM_0001936,HAM_0003125,nv,nv,rosendahl,rosendahl,images/ISIC_0024704.jpg,images/ISIC_0025477.jpg,6,False,True,False,False
ISIC_0024704,ISIC_0025517,HAM_0001936,HAM_0005848,nv,nv,rosendahl,rosendahl,images/ISIC_0024704.jpg,images/ISIC_0025517.jpg,6,False,True,False,False
ISIC_0024704,ISIC_0026347,HAM_0001936,HAM_0005318,nv,nv,rosendahl,rosendahl,images/ISIC_0024704.jpg,images/ISIC_0026347.jpg,6,False,True,False,False
ISIC_0024704,ISIC_0026711,HAM_0001936,HAM_0007030,nv,nv,rosendahl,rosendahl,images/ISIC_0024704.jpg,images/ISIC_0026711.jpg,6,False,True,False,False
ISIC_0024704,ISIC_0026922,HAM_0001936,HAM_0006881,nv,nv,rosendahl,rosendahl,images/ISIC_0024704.jpg,images/ISIC_0026922.jpg,6,False,True,False,False
ISIC_0024704,ISIC_0026987,HAM_0001936,HAM_0006994,nv,nv,rosendahl,rosendahl,images/ISIC_0024704.jpg,images/ISIC_0026987.jpg,6,False,True,False,False
ISIC_0024704,ISIC_0027756,HAM_0001936,HAM_0003305,nv,nv,rosendahl,rosendahl,images/ISIC_0024704.jpg,images/ISIC_0027756.jpg,6,False,True,False,False
ISIC_0024704,ISIC_0028139,HAM_0001936,HAM_0002429,nv,nv,rosendahl,rosendahl,images/ISIC_0024704.jpg,images/ISIC_0028139.jpg,6,False,True,False,False
ISIC_0024704,ISIC_0028809,HAM_0001936,HAM_0004991,nv,nv,rosendahl,rosendahl,images/ISIC_0024704.jpg,images/ISIC_0028809.jpg,6,False,True,False,False
ISIC_0024704,ISIC_0029313,HAM_0001936,HAM_0006041,nv,nv,rosendahl,vienna_dias,images/ISIC_0024704.jpg,images/ISIC_0029313.jpg,6,False,True,False,True
ISIC_0024704,ISIC_0029328,HAM_0001936,HAM_0001169,nv,nv,rosendahl,vidir_modern,images/ISIC_0024704.jpg,images/ISIC_0029328.jpg,6,False,True,False,True
ISIC_0024704,ISIC_0029975,HAM_0001936,HAM_0005994,nv,nv,rosendahl,rosendahl,images/ISIC_0024704.jpg,images/ISIC_0029975.jpg,6,False,True,False,False
ISIC_0024704,ISIC_0030508,HAM_0001936,HAM_0006041,nv,nv,rosendahl,vienna_dias,images/ISIC_0024704.jpg,images/ISIC_0030508.jpg,6,False,True,False,True
ISIC_0024704,ISIC_0030663,HAM_0001936,HAM_0006104,nv,nv,rosendahl,rosendahl,images/ISIC_0024704.jpg,images/ISIC_0030663.jpg,6,False,True,False,False
ISIC_0024704,ISIC_0031064,HAM_0001936,HAM_0000798,nv,nv,rosendahl,rosendahl,images/ISIC_0024704.jpg,images/ISIC_0031064.jpg,6,False,True,False,False
ISIC_0024704,ISIC_0031451,HAM_0001936,HAM_0006401,nv,nv,rosendahl,rosendahl,images/ISIC_0024704.jpg,images/ISIC_0031451.jpg,6,False,True,False,False
ISIC_0024704,ISIC_0031932,HAM_0001936,HAM_0004291,nv,nv,rosendahl,rosendahl,images/ISIC_0024704.jpg,images/ISIC_0031932.jpg,6,False,True,False,False
ISIC_0024704,ISIC_0032195,HAM_0001936,HAM_0007075,nv,nv,rosendahl,rosendahl,images/ISIC_0024704.jpg,images/ISIC_0032195.jpg,6,False,True,False,False
ISIC_0024704,ISIC_0032228,HAM_0001936,HAM_0003984,nv,nv,rosendahl,vidir_molemax,images/ISIC_0024704.jpg,images/ISIC_0032228.jpg,6,False,True,False,True
ISIC_0024704,ISIC_0032471,HAM_0001936,HAM_0003932,nv,nv,rosendahl,rosendahl,images/ISIC_0024704.jpg,images/ISIC_0032471.jpg,6,False,True,False,False
ISIC_0024704,ISIC_0032475,HAM_0001936,HAM_0007448,nv,nv,rosendahl,vidir_modern,images/ISIC_0024704.jpg,images/ISIC_0032475.jpg,6,False,True,False,True
ISIC_0024704,ISIC_0033598,HAM_0001936,HAM_0005496,nv,nv,rosendahl,vidir_modern,images/ISIC_0024704.jpg,images/ISIC_0033598.jpg,6,False,True,False,True
ISIC_0024704,ISIC_0033982,HAM_0001936,HAM_0006643,nv,nv,rosendahl,vidir_modern,images/ISIC_0024704.jpg,images/ISIC_0033982.jpg,6,False,True,False,True
ISIC_0024753,ISIC_0029103,HAM_0004895,HAM_0004798,nv,nv,vienna_dias,vidir_molemax,images/ISIC_0024753.jpg,images/ISIC_0029103.jpg,6,False,True,False,True
ISIC_0024766,ISIC_0031815,HAM_0004386,HAM_0002760,nv,nv,vidir_molemax,vidir_molemax,images/ISIC_0024766.jpg,images/ISIC_0031815.jpg,6,False,True,False,False
ISIC_0024781,ISIC_0026140,HAM_0003919,HAM_0002973,nv,nv,rosendahl,vidir_modern,images/ISIC_0024781.jpg,images/ISIC_0026140.jpg,6,False,True,False,True
ISIC_0024793,ISIC_0027122,HAM_0000996,HAM_0000996,nv,nv,vienna_dias,vienna_dias,images/ISIC_0024793.jpg,images/ISIC_0027122.jpg,6,True,False,False,False
ISIC_0024803,ISIC_0025044,HAM_0001168,HAM_0000339,nv,nv,vidir_molemax,vidir_molemax,images/ISIC_0024803.jpg,images/ISIC_0025044.jpg,6,False,True,False,False
ISIC_0024818,ISIC_0030858,HAM_0006645,HAM_0001813,nv,nv,vidir_modern,vidir_modern,images/ISIC_0024818.jpg,images/ISIC_0030858.jpg,6,False,True,False,False
ISIC_0024821,ISIC_0028531,HAM_0001172,HAM_0001498,nv,nv,vidir_modern,vidir_modern,images/ISIC_0024821.jpg,images/ISIC_0028531.jpg,6,False,True,False,False
ISIC_0024826,ISIC_0027161,HAM_0000522,HAM_0005494,nv,nv,vidir_molemax,vidir_molemax,images/ISIC_0024826.jpg,images/ISIC_0027161.jpg,6,False,True,False,False
ISIC_0024854,ISIC_0027092,HAM_0000226,HAM_0007582,nv,nv,vienna_dias,vidir_molemax,images/ISIC_0024854.jpg,images/ISIC_0027092.jpg,6,False,True,False,True
ISIC_0024876,ISIC_0024933,HAM_0004680,HAM_0000266,nv,nv,rosendahl,rosendahl,images/ISIC_0024876.jpg,images/ISIC_0024933.jpg,6,False,True,False,False
ISIC_0024876,ISIC_0025000,HAM_0004680,HAM_0001643,nv,nv,rosendahl,rosendahl,images/ISIC_0024876.jpg,images/ISIC_0025000.jpg,6,False,True,False,False
ISIC_0024876,ISIC_0025088,HAM_0004680,HAM_0002423,nv,nv,rosendahl,rosendahl,images/ISIC_0024876.jpg,images/ISIC_0025088.jpg,6,False,True,False,False
ISIC_0024876,ISIC_0025517,HAM_0004680,HAM_0005848,nv,nv,rosendahl,rosendahl,images/ISIC_0024876.jpg,images/ISIC_0025517.jpg,6,False,True,False,False
ISIC_0024876,ISIC_0026347,HAM_0004680,HAM_0005318,nv,nv,rosendahl,rosendahl,images/ISIC_0024876.jpg,images/ISIC_0026347.jpg,6,False,True,False,False
ISIC_0024876,ISIC_0026987,HAM_0004680,HAM_0006994,nv,nv,rosendahl,rosendahl,images/ISIC_0024876.jpg,images/ISIC_0026987.jpg,6,False,True,False,False
ISIC_0024876,ISIC_0027538,HAM_0004680,HAM_0000798,nv,nv,rosendahl,rosendahl,images/ISIC_0024876.jpg,images/ISIC_0027538.jpg,6,False,True,False,False
ISIC_0024876,ISIC_0027756,HAM_0004680,HAM_0003305,nv,nv,rosendahl,rosendahl,images/ISIC_0024876.jpg,images/ISIC_0027756.jpg,6,False,True,False,False
ISIC_0024876,ISIC_0027797,HAM_0004680,HAM_0000910,nv,mel,rosendahl,rosendahl,images/ISIC_0024876.jpg,images/ISIC_0027797.jpg,6,False,True,True,False
ISIC_0024876,ISIC_0028131,HAM_0004680,HAM_0003790,nv,nv,rosendahl,rosendahl,images/ISIC_0024876.jpg,images/ISIC_0028131.jpg,6,False,True,False,False
ISIC_0024876,ISIC_0028504,HAM_0004680,HAM_0006910,nv,nv,rosendahl,rosendahl,images/ISIC_0024876.jpg,images/ISIC_0028504.jpg,6,False,True,False,False
ISIC_0024876,ISIC_0028673,HAM_0004680,HAM_0004553,nv,nv,rosendahl,rosendahl,images/ISIC_0024876.jpg,images/ISIC_0028673.jpg,6,False,True,False,False
ISIC_0024876,ISIC_0028809,HAM_0004680,HAM_0004991,nv,nv,rosendahl,rosendahl,images/ISIC_0024876.jpg,images/ISIC_0028809.jpg,6,False,True,False,False
ISIC_0024876,ISIC_0028963,HAM_0004680,HAM_0002423,nv,nv,rosendahl,rosendahl,images/ISIC_0024876.jpg,images/ISIC_0028963.jpg,6,False,True,False,False
ISIC_0024876,ISIC_0029480,HAM_0004680,HAM_0004898,nv,mel,rosendahl,rosendahl,images/ISIC_0024876.jpg,images/ISIC_0029480.jpg,6,False,True,True,False
ISIC_0024876,ISIC_0029570,HAM_0004680,HAM_0002130,nv,mel,rosendahl,rosendahl,images/ISIC_0024876.jpg,images/ISIC_0029570.jpg,6,False,True,True,False
ISIC_0024876,ISIC_0030251,HAM_0004680,HAM_0001989,nv,nv,rosendahl,rosendahl,images/ISIC_0024876.jpg,images/ISIC_0030251.jpg,6,False,True,False,False
ISIC_0024876,ISIC_0033282,HAM_0004680,HAM_0004716,nv,nv,rosendahl,vidir_modern,images/ISIC_0024876.jpg,images/ISIC_0033282.jpg,6,False,True,False,True
ISIC_0024876,ISIC_0033852,HAM_0004680,HAM_0004708,nv,nv,rosendahl,vidir_modern,images/ISIC_0024876.jpg,images/ISIC_0033852.jpg,6,False,True,False,True
ISIC_0024876,ISIC_0033982,HAM_0004680,HAM_0006643,nv,nv,rosendahl,vidir_modern,images/ISIC_0024876.jpg,images/ISIC_0033982.jpg,6,False,True,False,True
ISIC_0024876,ISIC_0034206,HAM_0004680,HAM_0001133,nv,nv,rosendahl,vidir_modern,images/ISIC_0024876.jpg,images/ISIC_0034206.jpg,6,False,True,False,True
ISIC_0024907,ISIC_0032023,HAM_0007196,HAM_0002698,nv,nv,vidir_modern,vidir_modern,images/ISIC_0024907.jpg,images/ISIC_0032023.jpg,6,False,True,False,False
ISIC_0024908,ISIC_0025004,HAM_0003241,HAM_0005043,nv,nv,rosendahl,vidir_molemax,images/ISIC_0024908.jpg,images/ISIC_0025004.jpg,6,False,True,False,True
ISIC_0024908,ISIC_0027627,HAM_0003241,HAM_0006244,nv,nv,rosendahl,rosendahl,images/ISIC_0024908.jpg,images/ISIC_0027627.jpg,6,False,True,False,False
ISIC_0024908,ISIC_0032310,HAM_0003241,HAM_0007014,nv,nv,rosendahl,rosendahl,images/ISIC_0024908.jpg,images/ISIC_0032310.jpg,6,False,True,False,False
ISIC_0024908,ISIC_0033282,HAM_0003241,HAM_0004716,nv,nv,rosendahl,vidir_modern,images/ISIC_0024908.jpg,images/ISIC_0033282.jpg,6,False,True,False,True
ISIC_0024916,ISIC_0025959,HAM_0003590,HAM_0000947,nv,nv,rosendahl,vidir_modern,images/ISIC_0024916.jpg,images/ISIC_0025959.jpg,6,False,True,False,True
ISIC_0024916,ISIC_0030869,HAM_0003590,HAM_0004838,nv,nv,rosendahl,vidir_molemax,images/ISIC_0024916.jpg,images/ISIC_0030869.jpg,6,False,True,False,True
ISIC_0024916,ISIC_0031183,HAM_0003590,HAM_0002292,nv,nv,rosendahl,vidir_molemax,images/ISIC_0024916.jpg,images/ISIC_0031183.jpg,6,False,True,False,True
ISIC_0024933,ISIC_0025000,HAM_0000266,HAM_0001643,nv,nv,rosendahl,rosendahl,images/ISIC_0024933.jpg,images/ISIC_0025000.jpg,6,False,True,False,False
ISIC_0024933,ISIC_0025505,HAM_0000266,HAM_0000836,nv,nv,rosendahl,rosendahl,images/ISIC_0024933.jpg,images/ISIC_0025505.jpg,6,False,True,False,False
ISIC_0024933,ISIC_0026711,HAM_0000266,HAM_0007030,nv,nv,rosendahl,rosendahl,images/ISIC_0024933.jpg,images/ISIC_0026711.jpg,6,False,True,False,False
ISIC_0024933,ISIC_0026987,HAM_0000266,HAM_0006994,nv,nv,rosendahl,rosendahl,images/ISIC_0024933.jpg,images/ISIC_0026987.jpg,6,False,True,False,False
ISIC_0024933,ISIC_0027756,HAM_0000266,HAM_0003305,nv,nv,rosendahl,rosendahl,images/ISIC_0024933.jpg,images/ISIC_0027756.jpg,6,False,True,False,False
ISIC_0024933,ISIC_0028809,HAM_0000266,HAM_0004991,nv,nv,rosendahl,rosendahl,images/ISIC_0024933.jpg,images/ISIC_0028809.jpg,6,False,True,False,False
ISIC_0024933,ISIC_0030061,HAM_0000266,HAM_0000836,nv,nv,rosendahl,rosendahl,images/ISIC_0024933.jpg,images/ISIC_0030061.jpg,6,False,True,False,False
ISIC_0024933,ISIC_0031933,HAM_0000266,HAM_0001455,nv,nv,rosendahl,rosendahl,images/ISIC_0024933.jpg,images/ISIC_0031933.jpg,6,False,True,False,False
ISIC_0024933,ISIC_0032471,HAM_0000266,HAM_0003932,nv,nv,rosendahl,rosendahl,images/ISIC_0024933.jpg,images/ISIC_0032471.jpg,6,False,True,False,False
ISIC_0024960,ISIC_0030104,HAM_0000489,HAM_0001122,nv,vasc,vidir_molemax,vidir_molemax,images/ISIC_0024960.jpg,images/ISIC_0030104.jpg,6,False,True,True,False
ISIC_0024960,ISIC_0034267,HAM_0000489,HAM_0005116,nv,nv,vidir_molemax,vidir_modern,images/ISIC_0024960.jpg,images/ISIC_0034267.jpg,6,False,True,False,True
ISIC_0024984,ISIC_0032405,HAM_0005856,HAM_0001455,bcc,nv,rosendahl,rosendahl,images/ISIC_0024984.jpg,images/ISIC_0032405.jpg,6,False,True,True,False
ISIC_0024984,ISIC_0033409,HAM_0005856,HAM_0005539,bcc,nv,rosendahl,vidir_modern,images/ISIC_0024984.jpg,images/ISIC_0033409.jpg,6,False,True,True,True
ISIC_0024993,ISIC_0029550,HAM_0000147,HAM_0002394,nv,nv,vidir_molemax,vidir_molemax,images/ISIC_0024993.jpg,images/ISIC_0029550.jpg,6,False,True,False,False
ISIC_0024993,ISIC_0032578,HAM_0000147,HAM_0007460,nv,nv,vidir_molemax,vidir_modern,images/ISIC_0024993.jpg,images/ISIC_0032578.jpg,6,False,True,False,True
ISIC_0024996,ISIC_0032491,HAM_0005658,HAM_0001513,nv,nv,rosendahl,vidir_molemax,images/ISIC_0024996.jpg,images/ISIC_0032491.jpg,6,False,True,False,True
ISIC_0025000,ISIC_0025476,HAM_0001643,HAM_0006052,nv,nv,rosendahl,rosendahl,images/ISIC_0025000.jpg,images/ISIC_0025476.jpg,6,False,True,False,False
ISIC_0025000,ISIC_0025517,HAM_0001643,HAM_0005848,nv,nv,rosendahl,rosendahl,images/ISIC_0025000.jpg,images/ISIC_0025517.jpg,6,False,True,False,False
ISIC_0025000,ISIC_0027756,HAM_0001643,HAM_0003305,nv,nv,rosendahl,rosendahl,images/ISIC_0025000.jpg,images/ISIC_0027756.jpg,6,False,True,False,False
ISIC_0025000,ISIC_0028809,HAM_0001643,HAM_0004991,nv,nv,rosendahl,rosendahl,images/ISIC_0025000.jpg,images/ISIC_0028809.jpg,6,False,True,False,False
ISIC_0025000,ISIC_0029328,HAM_0001643,HAM_0001169,nv,nv,rosendahl,vidir_modern,images/ISIC_0025000.jpg,images/ISIC_0029328.jpg,6,False,True,False,True
ISIC_0025000,ISIC_0029665,HAM_0001643,HAM_0000347,nv,nv,rosendahl,rosendahl,images/ISIC_0025000.jpg,images/ISIC_0029665.jpg,6,False,True,False,False
ISIC_0025000,ISIC_0030251,HAM_0001643,HAM_0001989,nv,nv,rosendahl,rosendahl,images/ISIC_0025000.jpg,images/ISIC_0030251.jpg,6,False,True,False,False
ISIC_0025000,ISIC_0031813,HAM_0001643,HAM_0003987,nv,nv,rosendahl,rosendahl,images/ISIC_0025000.jpg,images/ISIC_0031813.jpg,6,False,True,False,False
ISIC_0025000,ISIC_0031932,HAM_0001643,HAM_0004291,nv,nv,rosendahl,rosendahl,images/ISIC_0025000.jpg,images/ISIC_0031932.jpg,6,False,True,False,False
ISIC_0025000,ISIC_0034206,HAM_0001643,HAM_0001133,nv,nv,rosendahl,vidir_modern,images/ISIC_0025000.jpg,images/ISIC_0034206.jpg,6,False,True,False,True
ISIC_0025004,ISIC_0030079,HAM_0005043,HAM_0003241,nv,nv,vidir_molemax,rosendahl,images/ISIC_0025004.jpg,images/ISIC_0030079.jpg,6,False,True,False,True
ISIC_0025004,ISIC_0031418,HAM_0005043,HAM_0002942,nv,nv,vidir_molemax,vidir_modern,images/ISIC_0025004.jpg,images/ISIC_0031418.jpg,6,False,True,False,True
ISIC_0025012,ISIC_0026116,HAM_0000873,HAM_0002855,nv,nv,vidir_molemax,vidir_molemax,images/ISIC_0025012.jpg,images/ISIC_0026116.jpg,6,False,True,False,False
ISIC_0025015,ISIC_0032957,HAM_0004119,HAM_0004272,nv,nv,vidir_molemax,vidir_modern,images/ISIC_0025015.jpg,images/ISIC_0032957.jpg,6,False,True,False,True
ISIC_0025040,ISIC_0031485,HAM_0006541,HAM_0004641,bkl,bkl,rosendahl,vidir_modern,images/ISIC_0025040.jpg,images/ISIC_0031485.jpg,6,False,True,False,True
ISIC_0025044,ISIC_0025486,HAM_0000339,HAM_0006784,nv,nv,vidir_molemax,vidir_molemax,images/ISIC_0025044.jpg,images/ISIC_0025486.jpg,6,False,True,False,False
ISIC_0025044,ISIC_0028295,HAM_0000339,HAM_0007186,nv,nv,vidir_molemax,vidir_molemax,images/ISIC_0025044.jpg,images/ISIC_0028295.jpg,6,False,True,False,False
ISIC_0025044,ISIC_0029883,HAM_0000339,HAM_0006382,nv,nv,vidir_molemax,vidir_molemax,images/ISIC_0025044.jpg,images/ISIC_0029883.jpg,6,False,True,False,False
ISIC_0025061,ISIC_0031902,HAM_0001265,HAM_0005432,nv,nv,vidir_modern,vidir_molemax,images/ISIC_0025061.jpg,images/ISIC_0031902.jpg,6,False,True,False,True
ISIC_0025061,ISIC_0033743,HAM_0001265,HAM_0001026,nv,nv,vidir_modern,vidir_modern,images/ISIC_0025061.jpg,images/ISIC_0033743.jpg,6,False,True,False,False
ISIC_0025062,ISIC_0027418,HAM_0001418,HAM_0001393,nv,nv,vidir_modern,vidir_modern,images/ISIC_0025062.jpg,images/ISIC_0027418.jpg,6,False,True,False,False
ISIC_0025064,ISIC_0029294,HAM_0006541,HAM_0003564,bkl,nv,rosendahl,vidir_molemax,images/ISIC_0025064.jpg,images/ISIC_0029294.jpg,6,False,True,True,True
ISIC_0025088,ISIC_0027627,HAM_0002423,HAM_0006244,nv,nv,rosendahl,rosendahl,images/ISIC_0025088.jpg,images/ISIC_0027627.jpg,6,False,True,False,False
ISIC_0025088,ISIC_0030251,HAM_0002423,HAM_0001989,nv,nv,rosendahl,rosendahl,images/ISIC_0025088.jpg,images/ISIC_0030251.jpg,6,False,True,False,False
ISIC_0025088,ISIC_0031933,HAM_0002423,HAM_0001455,nv,nv,rosendahl,rosendahl,images/ISIC_0025088.jpg,images/ISIC_0031933.jpg,6,False,True,False,False
ISIC_0025091,ISIC_0032811,HAM_0000124,HAM_0002574,nv,nv,vidir_molemax,vidir_modern,images/ISIC_0025091.jpg,images/ISIC_0032811.jpg,6,False,True,False,True
ISIC_0025093,ISIC_0031316,HAM_0003970,HAM_0006089,nv,nv,vidir_molemax,vidir_molemax,images/ISIC_0025093.jpg,images/ISIC_0031316.jpg,6,False,True,False,False
ISIC_0025108,ISIC_0026498,HAM_0007476,HAM_0000054,nv,nv,vidir_modern,vienna_dias,images/ISIC_0025108.jpg,images/ISIC_0026498.jpg,6,False,True,False,True
ISIC_0025141,ISIC_0028042,HAM_0006599,HAM_0003579,nv,nv,vidir_modern,vidir_modern,images/ISIC_0025141.jpg,images/ISIC_0028042.jpg,6,False,True,False,False
ISIC_0025141,ISIC_0030988,HAM_0006599,HAM_0006723,nv,bkl,vidir_modern,rosendahl,images/ISIC_0025141.jpg,images/ISIC_0030988.jpg,6,False,True,True,True
ISIC_0025141,ISIC_0033846,HAM_0006599,HAM_0006516,nv,nv,vidir_modern,vidir_modern,images/ISIC_0025141.jpg,images/ISIC_0033846.jpg,6,False,True,False,False
ISIC_0025146,ISIC_0027313,HAM_0000228,HAM_0001108,nv,nv,vidir_molemax,vidir_molemax,images/ISIC_0025146.jpg,images/ISIC_0027313.jpg,6,False,True,False,False
ISIC_0025146,ISIC_0027804,HAM_0000228,HAM_0005841,nv,nv,vidir_molemax,vidir_molemax,images/ISIC_0025146.jpg,images/ISIC_0027804.jpg,6,False,True,False,False
ISIC_0025146,ISIC_0027819,HAM_0000228,HAM_0004827,nv,bcc,vidir_molemax,rosendahl,images/ISIC_0025146.jpg,images/ISIC_0027819.jpg,6,False,True,True,True
ISIC_0025146,ISIC_0032405,HAM_0000228,HAM_0001455,nv,nv,vidir_molemax,rosendahl,images/ISIC_0025146.jpg,images/ISIC_0032405.jpg,6,False,True,False,True
ISIC_0025146,ISIC_0034008,HAM_0000228,HAM_0006610,nv,nv,vidir_molemax,vidir_modern,images/ISIC_0025146.jpg,images/ISIC_0034008.jpg,6,False,True,False,True
ISIC_0025152,ISIC_0025201,HAM_0000044,HAM_0000377,nv,nv,vidir_modern,vidir_molemax,images/ISIC_0025152.jpg,images/ISIC_0025201.jpg,6,False,True,False,True
ISIC_0025152,ISIC_0028047,HAM_0000044,HAM_0002621,nv,nv,vidir_modern,vidir_molemax,images/ISIC_0025152.jpg,images/ISIC_0028047.jpg,6,False,True,False,True
ISIC_0025177,ISIC_0027129,HAM_0001248,HAM_0007545,nv,nv,vidir_modern,vidir_molemax,images/ISIC_0025177.jpg,images/ISIC_0027129.jpg,6,False,True,False,True
ISIC_0025197,ISIC_0025517,HAM_0000460,HAM_0005848,vasc,nv,vidir_molemax,rosendahl,images/ISIC_0025197.jpg,images/ISIC_0025517.jpg,6,False,True,True,True
ISIC_0025197,ISIC_0027627,HAM_0000460,HAM_0006244,vasc,nv,vidir_molemax,rosendahl,images/ISIC_0025197.jpg,images/ISIC_0027627.jpg,6,False,True,True,True
ISIC_0025197,ISIC_0029522,HAM_0000460,HAM_0002199,vasc,bkl,vidir_molemax,rosendahl,images/ISIC_0025197.jpg,images/ISIC_0029522.jpg,6,False,True,True,True
ISIC_0025197,ISIC_0030384,HAM_0000460,HAM_0001169,vasc,nv,vidir_molemax,vidir_modern,images/ISIC_0025197.jpg,images/ISIC_0030384.jpg,6,False,True,True,True
ISIC_0025197,ISIC_0031355,HAM_0000460,HAM_0007466,vasc,nv,vidir_molemax,vidir_molemax,images/ISIC_0025197.jpg,images/ISIC_0031355.jpg,6,False,True,True,False
ISIC_0025197,ISIC_0032310,HAM_0000460,HAM_0007014,vasc,nv,vidir_molemax,rosendahl,images/ISIC_0025197.jpg,images/ISIC_0032310.jpg,6,False,True,True,True
ISIC_0025197,ISIC_0033282,HAM_0000460,HAM_0004716,vasc,nv,vidir_molemax,vidir_modern,images/ISIC_0025197.jpg,images/ISIC_0033282.jpg,6,False,True,True,True
ISIC_0025198,ISIC_0030047,HAM_0006408,HAM_0007242,nv,mel,rosendahl,rosendahl,images/ISIC_0025198.jpg,images/ISIC_0030047.jpg,6,False,True,True,False
ISIC_0025201,ISIC_0025290,HAM_0000377,HAM_0001340,nv,nv,vidir_molemax,vidir_molemax,images/ISIC_0025201.jpg,images/ISIC_0025290.jpg,6,False,True,False,False
ISIC_0025201,ISIC_0026906,HAM_0000377,HAM_0005782,nv,nv,vidir_molemax,vidir_molemax,images/ISIC_0025201.jpg,images/ISIC_0026906.jpg,6,False,True,False,False
ISIC_0025201,ISIC_0027494,HAM_0000377,HAM_0003554,nv,nv,vidir_molemax,vidir_molemax,images/ISIC_0025201.jpg,images/ISIC_0027494.jpg,6,False,True,False,False
ISIC_0025201,ISIC_0028743,HAM_0000377,HAM_0001075,nv,nv,vidir_molemax,vidir_molemax,images/ISIC_0025201.jpg,images/ISIC_0028743.jpg,6,False,True,False,False
ISIC_0025201,ISIC_0028762,HAM_0000377,HAM_0001080,nv,nv,vidir_molemax,vidir_molemax,images/ISIC_0025201.jpg,images/ISIC_0028762.jpg,6,False,True,False,False
ISIC_0025201,ISIC_0029294,HAM_0000377,HAM_0003564,nv,nv,vidir_molemax,vidir_molemax,images/ISIC_0025201.jpg,images/ISIC_0029294.jpg,6,False,True,False,False
ISIC_0025201,ISIC_0029636,HAM_0000377,HAM_0001220,nv,nv,vidir_molemax,vidir_modern,images/ISIC_0025201.jpg,images/ISIC_0029636.jpg,6,False,True,False,True
ISIC_0025201,ISIC_0031731,HAM_0000377,HAM_0005355,nv,nv,vidir_molemax,vidir_molemax,images/ISIC_0025201.jpg,images/ISIC_0031731.jpg,6,False,True,False,False
ISIC_0025201,ISIC_0032336,HAM_0000377,HAM_0002460,nv,nv,vidir_molemax,vidir_molemax,images/ISIC_0025201.jpg,images/ISIC_0032336.jpg,6,False,True,False,False
ISIC_0025210,ISIC_0026372,HAM_0006478,HAM_0006478,nv,nv,vienna_dias,vienna_dias,images/ISIC_0025210.jpg,images/ISIC_0026372.jpg,6,True,False,False,False
ISIC_0025211,ISIC_0026155,HAM_0003245,HAM_0002458,nv,nv,vidir_molemax,vidir_molemax,images/ISIC_0025211.jpg,images/ISIC_0026155.jpg,6,False,True,False,False
ISIC_0025211,ISIC_0030430,HAM_0003245,HAM_0003185,nv,nv,vidir_molemax,vidir_molemax,images/ISIC_0025211.jpg,images/ISIC_0030430.jpg,6,False,True,False,False
ISIC_0025236,ISIC_0025770,HAM_0004262,HAM_0004913,nv,nv,vidir_molemax,vidir_molemax,images/ISIC_0025236.jpg,images/ISIC_0025770.jpg,6,False,True,False,False
ISIC_0025250,ISIC_0031885,HAM_0004769,HAM_0004821,vasc,nv,vidir_molemax,vidir_molemax,images/ISIC_0025250.jpg,images/ISIC_0031885.jpg,6,False,True,True,False
ISIC_0025271,ISIC_0029902,HAM_0003430,HAM_0000138,nv,nv,vidir_modern,vidir_modern,images/ISIC_0025271.jpg,images/ISIC_0029902.jpg,6,False,True,False,False
ISIC_0025275,ISIC_0028320,HAM_0006123,HAM_0005577,bkl,nv,rosendahl,vidir_molemax,images/ISIC_0025275.jpg,images/ISIC_0028320.jpg,6,False,True,True,True
ISIC_0025275,ISIC_0030740,HAM_0006123,HAM_0002319,bkl,nv,rosendahl,rosendahl,images/ISIC_0025275.jpg,images/ISIC_0030740.jpg,6,False,True,True,False
ISIC_0025275,ISIC_0031798,HAM_0006123,HAM_0005051,bkl,nv,rosendahl,rosendahl,images/ISIC_0025275.jpg,images/ISIC_0031798.jpg,6,False,True,True,False
ISIC_0025279,ISIC_0030431,HAM_0000756,HAM_0005833,nv,nv,vidir_molemax,vidir_molemax,images/ISIC_0025279.jpg,images/ISIC_0030431.jpg,6,False,True,False,False
ISIC_0025279,ISIC_0032405,HAM_0000756,HAM_0001455,nv,nv,vidir_molemax,rosendahl,images/ISIC_0025279.jpg,images/ISIC_0032405.jpg,6,False,True,False,True
ISIC_0025279,ISIC_0033743,HAM_0000756,HAM_0001026,nv,nv,vidir_molemax,vidir_modern,images/ISIC_0025279.jpg,images/ISIC_0033743.jpg,6,False,True,False,True
ISIC_0025287,ISIC_0029526,HAM_0004965,HAM_0001061,nv,nv,vidir_molemax,vidir_molemax,images/ISIC_0025287.jpg,images/ISIC_0029526.jpg,6,False,True,False,False
ISIC_0025287,ISIC_0029532,HAM_0004965,HAM_0006314,nv,nv,vidir_molemax,vidir_molemax,images/ISIC_0025287.jpg,images/ISIC_0029532.jpg,6,False,True,False,False
ISIC_0025287,ISIC_0030751,HAM_0004965,HAM_0002813,nv,nv,vidir_molemax,vidir_molemax,images/ISIC_0025287.jpg,images/ISIC_0030751.jpg,6,False,True,False,False
ISIC_0025287,ISIC_0031393,HAM_0004965,HAM_0006247,nv,nv,vidir_molemax,vidir_molemax,images/ISIC_0025287.jpg,images/ISIC_0031393.jpg,6,False,True,False,False
ISIC_0025287,ISIC_0031813,HAM_0004965,HAM_0003987,nv,nv,vidir_molemax,rosendahl,images/ISIC_0025287.jpg,images/ISIC_0031813.jpg,6,False,True,False,True
ISIC_0025290,ISIC_0027494,HAM_0001340,HAM_0003554,nv,nv,vidir_molemax,vidir_molemax,images/ISIC_0025290.jpg,images/ISIC_0027494.jpg,6,False,True,False,False
ISIC_0025290,ISIC_0028047,HAM_0001340,HAM_0002621,nv,nv,vidir_molemax,vidir_molemax,images/ISIC_0025290.jpg,images/ISIC_0028047.jpg,6,False,True,False,False
ISIC_0025290,ISIC_0030657,HAM_0001340,HAM_0005639,nv,nv,vidir_molemax,vidir_molemax,images/ISIC_0025290.jpg,images/ISIC_0030657.jpg,6,False,True,False,False
ISIC_0025290,ISIC_0031435,HAM_0001340,HAM_0004747,nv,nv,vidir_molemax,vidir_modern,images/ISIC_0025290.jpg,images/ISIC_0031435.jpg,6,False,True,False,True
ISIC_0025332,ISIC_0027938,HAM_0001261,HAM_0006885,nv,nv,vidir_molemax,vidir_molemax,images/ISIC_0025332.jpg,images/ISIC_0027938.jpg,6,False,True,False,False
ISIC_0025332,ISIC_0029294,HAM_0001261,HAM_0003564,nv,nv,vidir_molemax,vidir_molemax,images/ISIC_0025332.jpg,images/ISIC_0029294.jpg,6,False,True,False,False
ISIC_0025332,ISIC_0032578,HAM_0001261,HAM_0007460,nv,nv,vidir_molemax,vidir_modern,images/ISIC_0025332.jpg,images/ISIC_0032578.jpg,6,False,True,False,True
ISIC_0025370,ISIC_0025483,HAM_0004869,HAM_0007170,nv,nv,vidir_modern,vidir_molemax,images/ISIC_0025370.jpg,images/ISIC_0025483.jpg,6,False,True,False,True
ISIC_0025370,ISIC_0029017,HAM_0004869,HAM_0004980,nv,mel,vidir_modern,vidir_modern,images/ISIC_0025370.jpg,images/ISIC_0029017.jpg,6,False,True,True,False
ISIC_0025370,ISIC_0030123,HAM_0004869,HAM_0006652,nv,bkl,vidir_modern,vidir_modern,images/ISIC_0025370.jpg,images/ISIC_0030123.jpg,6,False,True,True,False
ISIC_0025370,ISIC_0030354,HAM_0004869,HAM_0003987,nv,nv,vidir_modern,rosendahl,images/ISIC_0025370.jpg,images/ISIC_0030354.jpg,6,False,True,False,True
ISIC_0025370,ISIC_0033769,HAM_0004869,HAM_0006284,nv,nv,vidir_modern,vidir_modern,images/ISIC_0025370.jpg,images/ISIC_0033769.jpg,6,False,True,False,False
ISIC_0025375,ISIC_0026448,HAM_0007600,HAM_0002659,nv,nv,vidir_molemax,vidir_molemax,images/ISIC_0025375.jpg,images/ISIC_0026448.jpg,6,False,True,False,False
ISIC_0025395,ISIC_0025894,HAM_0000371,HAM_0000017,nv,nv,vidir_molemax,vidir_molemax,images/ISIC_0025395.jpg,images/ISIC_0025894.jpg,6,False,True,False,False
ISIC_0025395,ISIC_0026864,HAM_0000371,HAM_0000420,nv,nv,vidir_molemax,vidir_molemax,images/ISIC_0025395.jpg,images/ISIC_0026864.jpg,6,False,True,False,False
ISIC_0025395,ISIC_0032419,HAM_0000371,HAM_0004879,nv,nv,vidir_molemax,vidir_molemax,images/ISIC_0025395.jpg,images/ISIC_0032419.jpg,6,False,True,False,False
ISIC_0025422,ISIC_0026165,HAM_0002572,HAM_0005950,nv,nv,rosendahl,vidir_molemax,images/ISIC_0025422.jpg,images/ISIC_0026165.jpg,6,False,True,False,True
ISIC_0025425,ISIC_0026165,HAM_0002787,HAM_0005950,vasc,nv,vidir_molemax,vidir_molemax,images/ISIC_0025425.jpg,images/ISIC_0026165.jpg,6,False,True,True,False
ISIC_0025425,ISIC_0028032,HAM_0002787,HAM_0003058,vasc,nv,vidir_molemax,rosendahl,images/ISIC_0025425.jpg,images/ISIC_0028032.jpg,6,False,True,True,True
ISIC_0025425,ISIC_0028504,HAM_0002787,HAM_0006910,vasc,nv,vidir_molemax,rosendahl,images/ISIC_0025425.jpg,images/ISIC_0028504.jpg,6,False,True,True,True
ISIC_0025425,ISIC_0030162,HAM_0002787,HAM_0006468,vasc,nv,vidir_molemax,vidir_molemax,images/ISIC_0025425.jpg,images/ISIC_0030162.jpg,6,False,True,True,False
ISIC_0025425,ISIC_0033818,HAM_0002787,HAM_0002208,vasc,nv,vidir_molemax,vidir_modern,images/ISIC_0025425.jpg,images/ISIC_0033818.jpg,6,False,True,True,True
ISIC_0025445,ISIC_0026771,HAM_0007536,HAM_0006698,nv,nv,vidir_molemax,vidir_molemax,images/ISIC_0025445.jpg,images/ISIC_0026771.jpg,6,False,True,False,False
ISIC_0025445,ISIC_0029904,HAM_0007536,HAM_0007079,nv,nv,vidir_molemax,vienna_dias,images/ISIC_0025445.jpg,images/ISIC_0029904.jpg,6,False,True,False,True
ISIC_0025456,ISIC_0026922,HAM_0003158,HAM_0006881,nv,nv,vidir_modern,rosendahl,images/ISIC_0025456.jpg,images/ISIC_0026922.jpg,6,False,True,False,True
ISIC_0025456,ISIC_0028158,HAM_0003158,HAM_0002343,nv,akiec,vidir_modern,rosendahl,images/ISIC_0025456.jpg,images/ISIC_0028158.jpg,6,False,True,True,True
ISIC_0025456,ISIC_0028504,HAM_0003158,HAM_0006910,nv,nv,vidir_modern,rosendahl,images/ISIC_0025456.jpg,images/ISIC_0028504.jpg,6,False,True,False,True
ISIC_0025456,ISIC_0030162,HAM_0003158,HAM_0006468,nv,nv,vidir_modern,vidir_molemax,images/ISIC_0025456.jpg,images/ISIC_0030162.jpg,6,False,True,False,True
ISIC_0025456,ISIC_0030251,HAM_0003158,HAM_0001989,nv,nv,vidir_modern,rosendahl,images/ISIC_0025456.jpg,images/ISIC_0030251.jpg,6,False,True,False,True
ISIC_0025456,ISIC_0031627,HAM_0003158,HAM_0002210,nv,nv,vidir_modern,vidir_molemax,images/ISIC_0025456.jpg,images/ISIC_0031627.jpg,6,False,True,False,True
ISIC_0025456,ISIC_0032145,HAM_0003158,HAM_0003760,nv,nv,vidir_modern,rosendahl,images/ISIC_0025456.jpg,images/ISIC_0032145.jpg,6,False,True,False,True
ISIC_0025456,ISIC_0032228,HAM_0003158,HAM_0003984,nv,nv,vidir_modern,vidir_molemax,images/ISIC_0025456.jpg,images/ISIC_0032228.jpg,6,False,True,False,True
ISIC_0025456,ISIC_0033598,HAM_0003158,HAM_0005496,nv,nv,vidir_modern,vidir_modern,images/ISIC_0025456.jpg,images/ISIC_0033598.jpg,6,False,True,False,False
ISIC_0025458,ISIC_0029095,HAM_0001604,HAM_0006685,nv,nv,vidir_modern,rosendahl,images/ISIC_0025458.jpg,images/ISIC_0029095.jpg,6,False,True,False,True
ISIC_0025472,ISIC_0031554,HAM_0000433,HAM_0000433,mel,mel,vienna_dias,vienna_dias,images/ISIC_0025472.jpg,images/ISIC_0031554.jpg,6,True,False,False,False
ISIC_0025475,ISIC_0029816,HAM_0003196,HAM_0003074,nv,nv,vidir_molemax,vidir_molemax,images/ISIC_0025475.jpg,images/ISIC_0029816.jpg,6,False,True,False,False
ISIC_0025475,ISIC_0034261,HAM_0003196,HAM_0002759,nv,nv,vidir_molemax,vidir_modern,images/ISIC_0025475.jpg,images/ISIC_0034261.jpg,6,False,True,False,True
ISIC_0025476,ISIC_0028963,HAM_0006052,HAM_0002423,nv,nv,rosendahl,rosendahl,images/ISIC_0025476.jpg,images/ISIC_0028963.jpg,6,False,True,False,False
ISIC_0025476,ISIC_0030251,HAM_0006052,HAM_0001989,nv,nv,rosendahl,rosendahl,images/ISIC_0025476.jpg,images/ISIC_0030251.jpg,6,False,True,False,False
ISIC_0025476,ISIC_0031932,HAM_0006052,HAM_0004291,nv,nv,rosendahl,rosendahl,images/ISIC_0025476.jpg,images/ISIC_0031932.jpg,6,False,True,False,False
ISIC_0025476,ISIC_0031933,HAM_0006052,HAM_0001455,nv,nv,rosendahl,rosendahl,images/ISIC_0025476.jpg,images/ISIC_0031933.jpg,6,False,True,False,False
ISIC_0025477,ISIC_0025505,HAM_0003125,HAM_0000836,nv,nv,rosendahl,rosendahl,images/ISIC_0025477.jpg,images/ISIC_0025505.jpg,6,False,True,False,False
ISIC_0025477,ISIC_0027756,HAM_0003125,HAM_0003305,nv,nv,rosendahl,rosendahl,images/ISIC_0025477.jpg,images/ISIC_0027756.jpg,6,False,True,False,False
ISIC_0025477,ISIC_0028139,HAM_0003125,HAM_0002429,nv,nv,rosendahl,rosendahl,images/ISIC_0025477.jpg,images/ISIC_0028139.jpg,6,False,True,False,False
ISIC_0025477,ISIC_0033852,HAM_0003125,HAM_0004708,nv,nv,rosendahl,vidir_modern,images/ISIC_0025477.jpg,images/ISIC_0033852.jpg,6,False,True,False,True
ISIC_0025483,ISIC_0026002,HAM_0007170,HAM_0007371,nv,nv,vidir_molemax,vidir_molemax,images/ISIC_0025483.jpg,images/ISIC_0026002.jpg,6,False,True,False,False
ISIC_0025483,ISIC_0027385,HAM_0007170,HAM_0004455,nv,vasc,vidir_molemax,vidir_modern,images/ISIC_0025483.jpg,images/ISIC_0027385.jpg,6,False,True,True,True
ISIC_0025490,ISIC_0031125,HAM_0001840,HAM_0004713,nv,bkl,vidir_molemax,vidir_molemax,images/ISIC_0025490.jpg,images/ISIC_0031125.jpg,6,False,True,True,False
ISIC_0025502,ISIC_0030381,HAM_0002125,HAM_0005702,nv,nv,vidir_molemax,vidir_molemax,images/ISIC_0025502.jpg,images/ISIC_0030381.jpg,6,False,True,False,False
ISIC_0025505,ISIC_0026711,HAM_0000836,HAM_0007030,nv,nv,rosendahl,rosendahl,images/ISIC_0025505.jpg,images/ISIC_0026711.jpg,6,False,True,False,False
ISIC_0025505,ISIC_0027756,HAM_0000836,HAM_0003305,nv,nv,rosendahl,rosendahl,images/ISIC_0025505.jpg,images/ISIC_0027756.jpg,6,False,True,False,False
ISIC_0025505,ISIC_0028139,HAM_0000836,HAM_0002429,nv,nv,rosendahl,rosendahl,images/ISIC_0025505.jpg,images/ISIC_0028139.jpg,6,False,True,False,False
ISIC_0025505,ISIC_0031802,HAM_0000836,HAM_0003836,nv,nv,rosendahl,rosendahl,images/ISIC_0025505.jpg,images/ISIC_0031802.jpg,6,False,True,False,False
ISIC_0025516,ISIC_0028101,HAM_0001512,HAM_0001512,nv,nv,vienna_dias,vienna_dias,images/ISIC_0025516.jpg,images/ISIC_0028101.jpg,6,True,False,False,False
ISIC_0025517,ISIC_0027627,HAM_0005848,HAM_0006244,nv,nv,rosendahl,rosendahl,images/ISIC_0025517.jpg,images/ISIC_0027627.jpg,6,False,True,False,False
ISIC_0025517,ISIC_0027797,HAM_0005848,HAM_0000910,nv,mel,rosendahl,rosendahl,images/ISIC_0025517.jpg,images/ISIC_0027797.jpg,6,False,True,True,False
ISIC_0025517,ISIC_0028963,HAM_0005848,HAM_0002423,nv,nv,rosendahl,rosendahl,images/ISIC_0025517.jpg,images/ISIC_0028963.jpg,6,False,True,False,False
ISIC_0025517,ISIC_0030061,HAM_0005848,HAM_0000836,nv,nv,rosendahl,rosendahl,images/ISIC_0025517.jpg,images/ISIC_0030061.jpg,6,False,True,False,False
ISIC_0025517,ISIC_0031838,HAM_0005848,HAM_0002517,nv,nv,rosendahl,rosendahl,images/ISIC_0025517.jpg,images/ISIC_0031838.jpg,6,False,True,False,False
ISIC_0025517,ISIC_0031933,HAM_0005848,HAM_0001455,nv,nv,rosendahl,rosendahl,images/ISIC_0025517.jpg,images/ISIC_0031933.jpg,6,False,True,False,False
ISIC_0025517,ISIC_0032195,HAM_0005848,HAM_0007075,nv,nv,rosendahl,rosendahl,images/ISIC_0025517.jpg,images/ISIC_0032195.jpg,6,False,True,False,False
ISIC_0025517,ISIC_0032228,HAM_0005848,HAM_0003984,nv,nv,rosendahl,vidir_molemax,images/ISIC_0025517.jpg,images/ISIC_0032228.jpg,6,False,True,False,True
ISIC_0025517,ISIC_0033598,HAM_0005848,HAM_0005496,nv,nv,rosendahl,vidir_modern,images/ISIC_0025517.jpg,images/ISIC_0033598.jpg,6,False,True,False,True
ISIC_0025517,ISIC_0033982,HAM_0005848,HAM_0006643,nv,nv,rosendahl,vidir_modern,images/ISIC_0025517.jpg,images/ISIC_0033982.jpg,6,False,True,False,True
ISIC_0025525,ISIC_0032405,HAM_0004260,HAM_0001455,nv,nv,vidir_modern,rosendahl,images/ISIC_0025525.jpg,images/ISIC_0032405.jpg,6,False,True,False,True
ISIC_0025525,ISIC_0032824,HAM_0004260,HAM_0004590,nv,nv,vidir_modern,vidir_modern,images/ISIC_0025525.jpg,images/ISIC_0032824.jpg,6,False,True,False,False
ISIC_0025533,ISIC_0026674,HAM_0004836,HAM_0004836,nv,nv,rosendahl,rosendahl,images/ISIC_0025533.jpg,images/ISIC_0026674.jpg,6,True,False,False,False
ISIC_0025549,ISIC_0029673,HAM_0005128,HAM_0001825,nv,nv,vidir_molemax,vidir_molemax,images/ISIC_0025549.jpg,images/ISIC_0029673.jpg,6,False,True,False,False
ISIC_0025550,ISIC_0031883,HAM_0006899,HAM_0002946,mel,nv,rosendahl,vidir_modern,images/ISIC_0025550.jpg,images/ISIC_0031883.jpg,6,False,True,True,True
ISIC_0025555,ISIC_0032848,HAM_0003951,HAM_0002596,nv,nv,vidir_modern,vidir_modern,images/ISIC_0025555.jpg,images/ISIC_0032848.jpg,6,False,True,False,False
ISIC_0025555,ISIC_0033823,HAM_0003951,HAM_0000704,nv,nv,vidir_modern,vidir_modern,images/ISIC_0025555.jpg,images/ISIC_0033823.jpg,6,False,True,False,False
ISIC_0025592,ISIC_0032157,HAM_0001105,HAM_0000353,mel,nv,vidir_modern,rosendahl,images/ISIC_0025592.jpg,images/ISIC_0032157.jpg,6,False,True,True,True
ISIC_0025612,ISIC_0027515,HAM_0002177,HAM_0003687,vasc,nv,vidir_molemax,vidir_molemax,images/ISIC_0025612.jpg,images/ISIC_0027515.jpg,6,False,True,True,False
ISIC_0025623,ISIC_0031465,HAM_0000821,HAM_0000821,bkl,bkl,rosendahl,rosendahl,images/ISIC_0025623.jpg,images/ISIC_0031465.jpg,6,True,False,False,False
ISIC_0025626,ISIC_0028403,HAM_0007177,HAM_0003309,nv,nv,vidir_molemax,vidir_molemax,images/ISIC_0025626.jpg,images/ISIC_0028403.jpg,6,False,True,False,False
ISIC_0025635,ISIC_0026570,HAM_0004639,HAM_0002728,nv,nv,vidir_molemax,vidir_molemax,images/ISIC_0025635.jpg,images/ISIC_0026570.jpg,6,False,True,False,False
ISIC_0025647,ISIC_0027431,HAM_0002798,HAM_0000698,nv,nv,vidir_modern,vidir_modern,images/ISIC_0025647.jpg,images/ISIC_0027431.jpg,6,False,True,False,False
ISIC_0025647,ISIC_0032590,HAM_0002798,HAM_0005351,nv,nv,vidir_modern,vidir_modern,images/ISIC_0025647.jpg,images/ISIC_0032590.jpg,6,False,True,False,False
ISIC_0025647,ISIC_0033423,HAM_0002798,HAM_0006516,nv,nv,vidir_modern,vidir_modern,images/ISIC_0025647.jpg,images/ISIC_0033423.jpg,6,False,True,False,False
ISIC_0025652,ISIC_0030553,HAM_0003965,HAM_0005848,nv,nv,vidir_modern,rosendahl,images/ISIC_0025652.jpg,images/ISIC_0030553.jpg,6,False,True,False,True
ISIC_0025662,ISIC_0027510,HAM_0001525,HAM_0001525,nv,nv,vienna_dias,vienna_dias,images/ISIC_0025662.jpg,images/ISIC_0027510.jpg,6,True,False,False,False
ISIC_0025682,ISIC_0026067,HAM_0004812,HAM_0000431,nv,nv,vidir_molemax,vienna_dias,images/ISIC_0025682.jpg,images/ISIC_0026067.jpg,6,False,True,False,True
ISIC_0025683,ISIC_0031857,HAM_0000391,HAM_0000391,nv,nv,vienna_dias,vienna_dias,images/ISIC_0025683.jpg,images/ISIC_0031857.jpg,6,True,False,False,False
ISIC_0025689,ISIC_0026979,HAM_0006629,HAM_0002060,nv,nv,vidir_modern,vidir_modern,images/ISIC_0025689.jpg,images/ISIC_0026979.jpg,6,False,True,False,False
ISIC_0025689,ISIC_0033897,HAM_0006629,HAM_0000855,nv,nv,vidir_modern,vidir_modern,images/ISIC_0025689.jpg,images/ISIC_0033897.jpg,6,False,True,False,False
ISIC_0025713,ISIC_0027313,HAM_0003178,HAM_0001108,nv,nv,vidir_modern,vidir_molemax,images/ISIC_0025713.jpg,images/ISIC_0027313.jpg,6,False,True,False,True
ISIC_0025713,ISIC_0028924,HAM_0003178,HAM_0001149,nv,nv,vidir_modern,vidir_molemax,images/ISIC_0025713.jpg,images/ISIC_0028924.jpg,6,False,True,False,True
ISIC_0025713,ISIC_0029857,HAM_0003178,HAM_0005856,nv,bcc,vidir_modern,rosendahl,images/ISIC_0025713.jpg,images/ISIC_0029857.jpg,6,False,True,True,True
ISIC_0025713,ISIC_0030431,HAM_0003178,HAM_0005833,nv,nv,vidir_modern,vidir_molemax,images/ISIC_0025713.jpg,images/ISIC_0030431.jpg,6,False,True,False,True
ISIC_0025713,ISIC_0030653,HAM_0003178,HAM_0003957,nv,mel,vidir_modern,rosendahl,images/ISIC_0025713.jpg,images/ISIC_0030653.jpg,6,False,True,True,True
ISIC_0025713,ISIC_0032125,HAM_0003178,HAM_0003305,nv,nv,vidir_modern,rosendahl,images/ISIC_0025713.jpg,images/ISIC_0032125.jpg,6,False,True,False,True
ISIC_0025713,ISIC_0032541,HAM_0003178,HAM_0007415,nv,nv,vidir_modern,vidir_modern,images/ISIC_0025713.jpg,images/ISIC_0032541.jpg,6,False,True,False,False
ISIC_0025713,ISIC_0033347,HAM_0003178,HAM_0006080,nv,nv,vidir_modern,vidir_modern,images/ISIC_0025713.jpg,images/ISIC_0033347.jpg,6,False,True,False,False
ISIC_0025713,ISIC_0033743,HAM_0003178,HAM_0001026,nv,nv,vidir_modern,vidir_modern,images/ISIC_0025713.jpg,images/ISIC_0033743.jpg,6,False,True,False,False
ISIC_0025713,ISIC_0033799,HAM_0003178,HAM_0001912,nv,nv,vidir_modern,vidir_modern,images/ISIC_0025713.jpg,images/ISIC_0033799.jpg,6,False,True,False,False
ISIC_0025713,ISIC_0033840,HAM_0003178,HAM_0004503,nv,nv,vidir_modern,vidir_modern,images/ISIC_0025713.jpg,images/ISIC_0033840.jpg,6,False,True,False,False
ISIC_0025721,ISIC_0030419,HAM_0001963,HAM_0005063,nv,nv,vidir_molemax,vidir_molemax,images/ISIC_0025721.jpg,images/ISIC_0030419.jpg,6,False,True,False,False
ISIC_0025724,ISIC_0026116,HAM_0003520,HAM_0002855,mel,nv,rosendahl,vidir_molemax,images/ISIC_0025724.jpg,images/ISIC_0026116.jpg,6,False,True,True,True
ISIC_0025724,ISIC_0029735,HAM_0003520,HAM_0002120,mel,nv,rosendahl,vidir_modern,images/ISIC_0025724.jpg,images/ISIC_0029735.jpg,6,False,True,True,True
ISIC_0025724,ISIC_0030556,HAM_0003520,HAM_0001771,mel,nv,rosendahl,vidir_molemax,images/ISIC_0025724.jpg,images/ISIC_0030556.jpg,6,False,True,True,True
ISIC_0025724,ISIC_0034008,HAM_0003520,HAM_0006610,mel,nv,rosendahl,vidir_modern,images/ISIC_0025724.jpg,images/ISIC_0034008.jpg,6,False,True,True,True
ISIC_0025736,ISIC_0030099,HAM_0004948,HAM_0000474,nv,nv,vidir_molemax,vidir_molemax,images/ISIC_0025736.jpg,images/ISIC_0030099.jpg,6,False,True,False,False
ISIC_0025736,ISIC_0033769,HAM_0004948,HAM_0006284,nv,nv,vidir_molemax,vidir_modern,images/ISIC_0025736.jpg,images/ISIC_0033769.jpg,6,False,True,False,True
ISIC_0025745,ISIC_0031103,HAM_0005444,HAM_0001372,nv,vasc,vidir_molemax,vidir_molemax,images/ISIC_0025745.jpg,images/ISIC_0031103.jpg,6,False,True,True,False
ISIC_0025745,ISIC_0034266,HAM_0005444,HAM_0004120,nv,nv,vidir_molemax,vidir_modern,images/ISIC_0025745.jpg,images/ISIC_0034266.jpg,6,False,True,False,True
ISIC_0025759,ISIC_0031366,HAM_0000014,HAM_0000014,nv,nv,rosendahl,rosendahl,images/ISIC_0025759.jpg,images/ISIC_0031366.jpg,6,True,False,False,False
ISIC_0025763,ISIC_0028477,HAM_0007508,HAM_0005531,nv,nv,rosendahl,vidir_modern,images/ISIC_0025763.jpg,images/ISIC_0028477.jpg,6,False,True,False,True
ISIC_0025763,ISIC_0028869,HAM_0007508,HAM_0002283,nv,nv,rosendahl,vidir_molemax,images/ISIC_0025763.jpg,images/ISIC_0028869.jpg,6,False,True,False,True
ISIC_0025763,ISIC_0031896,HAM_0007508,HAM_0003027,nv,nv,rosendahl,vidir_modern,images/ISIC_0025763.jpg,images/ISIC_0031896.jpg,6,False,True,False,True
ISIC_0025770,ISIC_0026155,HAM_0004913,HAM_0002458,nv,nv,vidir_molemax,vidir_molemax,images/ISIC_0025770.jpg,images/ISIC_0026155.jpg,6,False,True,False,False
ISIC_0025789,ISIC_0026866,HAM_0007249,HAM_0002754,nv,nv,vidir_modern,rosendahl,images/ISIC_0025789.jpg,images/ISIC_0026866.jpg,6,False,True,False,True
ISIC_0025789,ISIC_0026887,HAM_0007249,HAM_0005162,nv,nv,vidir_modern,vidir_modern,images/ISIC_0025789.jpg,images/ISIC_0026887.jpg,6,False,True,False,False
ISIC_0025795,ISIC_0026435,HAM_0000054,HAM_0006532,nv,nv,vienna_dias,vidir_molemax,images/ISIC_0025795.jpg,images/ISIC_0026435.jpg,6,False,True,False,True
ISIC_0025795,ISIC_0031273,HAM_0000054,HAM_0006687,nv,nv,vienna_dias,vidir_molemax,images/ISIC_0025795.jpg,images/ISIC_0031273.jpg,6,False,True,False,True
ISIC_0025795,ISIC_0033809,HAM_0000054,HAM_0003998,nv,nv,vienna_dias,vidir_modern,images/ISIC_0025795.jpg,images/ISIC_0033809.jpg,6,False,True,False,True
ISIC_0025850,ISIC_0031435,HAM_0005611,HAM_0004747,nv,nv,vidir_modern,vidir_modern,images/ISIC_0025850.jpg,images/ISIC_0031435.jpg,6,False,True,False,False
ISIC_0025850,ISIC_0032720,HAM_0005611,HAM_0006295,nv,nv,vidir_modern,vidir_modern,images/ISIC_0025850.jpg,images/ISIC_0032720.jpg,6,False,True,False,False
ISIC_0025850,ISIC_0033896,HAM_0005611,HAM_0004349,nv,nv,vidir_modern,vidir_modern,images/ISIC_0025850.jpg,images/ISIC_0033896.jpg,6,False,True,False,False
ISIC_0025864,ISIC_0032104,HAM_0005630,HAM_0001413,nv,nv,vidir_molemax,vidir_molemax,images/ISIC_0025864.jpg,images/ISIC_0032104.jpg,6,False,True,False,False
ISIC_0025881,ISIC_0034018,HAM_0002571,HAM_0002569,nv,nv,vidir_modern,vidir_modern,images/ISIC_0025881.jpg,images/ISIC_0034018.jpg,6,False,True,False,False
ISIC_0025891,ISIC_0028371,HAM_0001600,HAM_0007464,mel,nv,vidir_modern,vidir_modern,images/ISIC_0025891.jpg,images/ISIC_0028371.jpg,6,False,True,True,False
ISIC_0025891,ISIC_0033846,HAM_0001600,HAM_0006516,mel,nv,vidir_modern,vidir_modern,images/ISIC_0025891.jpg,images/ISIC_0033846.jpg,6,False,True,True,False
ISIC_0025905,ISIC_0027772,HAM_0004138,HAM_0002207,nv,nv,vidir_modern,vidir_modern,images/ISIC_0025905.jpg,images/ISIC_0027772.jpg,6,False,True,False,False
ISIC_0025920,ISIC_0026116,HAM_0007194,HAM_0002855,nv,nv,vidir_molemax,vidir_molemax,images/ISIC_0025920.jpg,images/ISIC_0026116.jpg,6,False,True,False,False
ISIC_0025920,ISIC_0027319,HAM_0007194,HAM_0005273,nv,nv,vidir_molemax,vidir_modern,images/ISIC_0025920.jpg,images/ISIC_0027319.jpg,6,False,True,False,True
ISIC_0025945,ISIC_0026841,HAM_0003833,HAM_0003833,nv,nv,vienna_dias,vienna_dias,images/ISIC_0025945.jpg,images/ISIC_0026841.jpg,6,True,False,False,False
ISIC_0025945,ISIC_0031149,HAM_0003833,HAM_0003833,nv,nv,vienna_dias,vienna_dias,images/ISIC_0025945.jpg,images/ISIC_0031149.jpg,6,True,False,False,False
ISIC_0025968,ISIC_0028725,HAM_0007490,HAM_0003598,nv,nv,vidir_molemax,vidir_molemax,images/ISIC_0025968.jpg,images/ISIC_0028725.jpg,6,False,True,False,False
ISIC_0025981,ISIC_0031375,HAM_0007499,HAM_0000127,nv,nv,vidir_molemax,vidir_molemax,images/ISIC_0025981.jpg,images/ISIC_0031375.jpg,6,False,True,False,False
ISIC_0025981,ISIC_0032851,HAM_0007499,HAM_0001908,nv,nv,vidir_molemax,vidir_modern,images/ISIC_0025981.jpg,images/ISIC_0032851.jpg,6,False,True,False,True
ISIC_0025984,ISIC_0029879,HAM_0004234,HAM_0001329,bkl,nv,vidir_modern,vidir_modern,images/ISIC_0025984.jpg,images/ISIC_0029879.jpg,6,False,True,True,False
ISIC_0025986,ISIC_0030941,HAM_0006123,HAM_0001297,bkl,nv,rosendahl,vienna_dias,images/ISIC_0025986.jpg,images/ISIC_0030941.jpg,6,False,True,True,True
ISIC_0026002,ISIC_0030354,HAM_0007371,HAM_0003987,nv,nv,vidir_molemax,rosendahl,images/ISIC_0026002.jpg,images/ISIC_0030354.jpg,6,False,True,False,True
ISIC_0026011,ISIC_0027641,HAM_0004513,HAM_0006084,nv,nv,vidir_molemax,vidir_molemax,images/ISIC_0026011.jpg,images/ISIC_0027641.jpg,6,False,True,False,False
ISIC_0026013,ISIC_0033602,HAM_0004671,HAM_0004201,nv,nv,vidir_molemax,vidir_modern,images/ISIC_0026013.jpg,images/ISIC_0033602.jpg,6,False,True,False,True
ISIC_0026027,ISIC_0031447,HAM_0000509,HAM_0000509,nv,nv,vienna_dias,vienna_dias,images/ISIC_0026027.jpg,images/ISIC_0031447.jpg,6,True,False,False,False
ISIC_0026055,ISIC_0033846,HAM_0006605,HAM_0006516,nv,nv,vidir_modern,vidir_modern,images/ISIC_0026055.jpg,images/ISIC_0033846.jpg,6,False,True,False,False
ISIC_0026078,ISIC_0030791,HAM_0005108,HAM_0002265,nv,nv,vidir_molemax,vidir_molemax,images/ISIC_0026078.jpg,images/ISIC_0030791.jpg,6,False,True,False,False
ISIC_0026081,ISIC_0026250,HAM_0000337,HAM_0003955,mel,nv,rosendahl,vidir_molemax,images/ISIC_0026081.jpg,images/ISIC_0026250.jpg,6,False,True,True,True
ISIC_0026110,ISIC_0027494,HAM_0003295,HAM_0003554,nv,nv,vidir_molemax,vidir_molemax,images/ISIC_0026110.jpg,images/ISIC_0027494.jpg,6,False,True,False,False
ISIC_0026110,ISIC_0027685,HAM_0003295,HAM_0005120,nv,nv,vidir_molemax,vidir_molemax,images/ISIC_0026110.jpg,images/ISIC_0027685.jpg,6,False,True,False,False
ISIC_0026110,ISIC_0027938,HAM_0003295,HAM_0006885,nv,nv,vidir_molemax,vidir_molemax,images/ISIC_0026110.jpg,images/ISIC_0027938.jpg,6,False,True,False,False
ISIC_0026110,ISIC_0027999,HAM_0003295,HAM_0002295,nv,nv,vidir_molemax,rosendahl,images/ISIC_0026110.jpg,images/ISIC_0027999.jpg,6,False,True,False,True
ISIC_0026110,ISIC_0028047,HAM_0003295,HAM_0002621,nv,nv,vidir_molemax,vidir_molemax,images/ISIC_0026110.jpg,images/ISIC_0028047.jpg,6,False,True,False,False
ISIC_0026110,ISIC_0028841,HAM_0003295,HAM_0007143,nv,nv,vidir_molemax,vidir_molemax,images/ISIC_0026110.jpg,images/ISIC_0028841.jpg,6,False,True,False,False
ISIC_0026110,ISIC_0029699,HAM_0003295,HAM_0005241,nv,nv,vidir_molemax,vidir_molemax,images/ISIC_0026110.jpg,images/ISIC_0029699.jpg,6,False,True,False,False
ISIC_0026110,ISIC_0030657,HAM_0003295,HAM_0005639,nv,nv,vidir_molemax,vidir_molemax,images/ISIC_0026110.jpg,images/ISIC_0030657.jpg,6,False,True,False,False
ISIC_0026110,ISIC_0030859,HAM_0003295,HAM_0006822,nv,nv,vidir_molemax,vidir_modern,images/ISIC_0026110.jpg,images/ISIC_0030859.jpg,6,False,True,False,True
ISIC_0026110,ISIC_0031273,HAM_0003295,HAM_0006687,nv,nv,vidir_molemax,vidir_molemax,images/ISIC_0026110.jpg,images/ISIC_0031273.jpg,6,False,True,False,False
ISIC_0026110,ISIC_0031731,HAM_0003295,HAM_0005355,nv,nv,vidir_molemax,vidir_molemax,images/ISIC_0026110.jpg,images/ISIC_0031731.jpg,6,False,True,False,False
ISIC_0026110,ISIC_0031807,HAM_0003295,HAM_0005511,nv,nv,vidir_molemax,vidir_molemax,images/ISIC_0026110.jpg,images/ISIC_0031807.jpg,6,False,True,False,False
ISIC_0026110,ISIC_0032336,HAM_0003295,HAM_0002460,nv,nv,vidir_molemax,vidir_molemax,images/ISIC_0026110.jpg,images/ISIC_0032336.jpg,6,False,True,False,False
ISIC_0026110,ISIC_0034200,HAM_0003295,HAM_0004583,nv,nv,vidir_molemax,vidir_modern,images/ISIC_0026110.jpg,images/ISIC_0034200.jpg,6,False,True,False,True
ISIC_0026116,ISIC_0027313,HAM_0002855,HAM_0001108,nv,nv,vidir_molemax,vidir_molemax,images/ISIC_0026116.jpg,images/ISIC_0027313.jpg,6,False,True,False,False
ISIC_0026116,ISIC_0031070,HAM_0002855,HAM_0000632,nv,nv,vidir_molemax,rosendahl,images/ISIC_0026116.jpg,images/ISIC_0031070.jpg,6,False,True,False,True
ISIC_0026116,ISIC_0033797,HAM_0002855,HAM_0004205,nv,nv,vidir_molemax,vidir_modern,images/ISIC_0026116.jpg,images/ISIC_0033797.jpg,6,False,True,False,True
ISIC_0026138,ISIC_0032329,HAM_0005027,HAM_0005027,akiec,akiec,rosendahl,rosendahl,images/ISIC_0026138.jpg,images/ISIC_0032329.jpg,6,True,False,False,False
ISIC_0026147,ISIC_0031546,HAM_0006983,HAM_0001192,nv,nv,rosendahl,vidir_modern,images/ISIC_0026147.jpg,images/ISIC_0031546.jpg,6,False,True,False,True
ISIC_0026150,ISIC_0031064,HAM_0004607,HAM_0000798,mel,nv,vidir_modern,rosendahl,images/ISIC_0026150.jpg,images/ISIC_0031064.jpg,6,False,True,True,True
ISIC_0026151,ISIC_0029119,HAM_0003932,HAM_0003932,nv,nv,rosendahl,rosendahl,images/ISIC_0026151.jpg,images/ISIC_0029119.jpg,6,True,False,False,False
ISIC_0026165,ISIC_0026476,HAM_0005950,HAM_0000303,nv,nv,vidir_molemax,vidir_molemax,images/ISIC_0026165.jpg,images/ISIC_0026476.jpg,6,False,True,False,False
ISIC_0026165,ISIC_0026922,HAM_0005950,HAM_0006881,nv,nv,vidir_molemax,rosendahl,images/ISIC_0026165.jpg,images/ISIC_0026922.jpg,6,False,True,False,True
ISIC_0026165,ISIC_0028673,HAM_0005950,HAM_0004553,nv,nv,vidir_molemax,rosendahl,images/ISIC_0026165.jpg,images/ISIC_0028673.jpg,6,False,True,False,True
ISIC_0026165,ISIC_0030251,HAM_0005950,HAM_0001989,nv,nv,vidir_molemax,rosendahl,images/ISIC_0026165.jpg,images/ISIC_0030251.jpg,6,False,True,False,True
ISIC_0026165,ISIC_0031838,HAM_0005950,HAM_0002517,nv,nv,vidir_molemax,rosendahl,images/ISIC_0026165.jpg,images/ISIC_0031838.jpg,6,False,True,False,True
ISIC_0026165,ISIC_0031933,HAM_0005950,HAM_0001455,nv,nv,vidir_molemax,rosendahl,images/ISIC_0026165.jpg,images/ISIC_0031933.jpg,6,False,True,False,True
ISIC_0026165,ISIC_0032145,HAM_0005950,HAM_0003760,nv,nv,vidir_molemax,rosendahl,images/ISIC_0026165.jpg,images/ISIC_0032145.jpg,6,False,True,False,True
ISIC_0026165,ISIC_0032228,HAM_0005950,HAM_0003984,nv,nv,vidir_molemax,vidir_molemax,images/ISIC_0026165.jpg,images/ISIC_0032228.jpg,6,False,True,False,False
ISIC_0026165,ISIC_0033598,HAM_0005950,HAM_0005496,nv,nv,vidir_molemax,vidir_modern,images/ISIC_0026165.jpg,images/ISIC_0033598.jpg,6,False,True,False,True
ISIC_0026175,ISIC_0028946,HAM_0006953,HAM_0003109,nv,nv,vidir_molemax,vidir_molemax,images/ISIC_0026175.jpg,images/ISIC_0028946.jpg,6,False,True,False,False
ISIC_0026175,ISIC_0030513,HAM_0006953,HAM_0006060,nv,nv,vidir_molemax,vidir_molemax,images/ISIC_0026175.jpg,images/ISIC_0030513.jpg,6,False,True,False,False
ISIC_0026175,ISIC_0031048,HAM_0006953,HAM_0002567,nv,nv,vidir_molemax,vidir_modern,images/ISIC_0026175.jpg,images/ISIC_0031048.jpg,6,False,True,False,True
ISIC_0026175,ISIC_0032811,HAM_0006953,HAM_0002574,nv,nv,vidir_molemax,vidir_modern,images/ISIC_0026175.jpg,images/ISIC_0032811.jpg,6,False,True,False,True
ISIC_0026203,ISIC_0026224,HAM_0003895,HAM_0005589,akiec,nv,rosendahl,vidir_molemax,images/ISIC_0026203.jpg,images/ISIC_0026224.jpg,6,False,True,True,True
ISIC_0026203,ISIC_0026373,HAM_0003895,HAM_0003736,akiec,nv,rosendahl,vidir_molemax,images/ISIC_0026203.jpg,images/ISIC_0026373.jpg,6,False,True,True,True
ISIC_0026203,ISIC_0028067,HAM_0003895,HAM_0002768,akiec,nv,rosendahl,vidir_modern,images/ISIC_0026203.jpg,images/ISIC_0028067.jpg,6,False,True,True,True
ISIC_0026224,ISIC_0026373,HAM_0005589,HAM_0003736,nv,nv,vidir_molemax,vidir_molemax,images/ISIC_0026224.jpg,images/ISIC_0026373.jpg,6,False,True,False,False
ISIC_0026224,ISIC_0031097,HAM_0005589,HAM_0004003,nv,nv,vidir_molemax,vidir_molemax,images/ISIC_0026224.jpg,images/ISIC_0031097.jpg,6,False,True,False,False
ISIC_0026224,ISIC_0032728,HAM_0005589,HAM_0004550,nv,nv,vidir_molemax,vidir_modern,images/ISIC_0026224.jpg,images/ISIC_0032728.jpg,6,False,True,False,True
ISIC_0026266,ISIC_0027600,HAM_0002436,HAM_0001959,mel,nv,rosendahl,vidir_molemax,images/ISIC_0026266.jpg,images/ISIC_0027600.jpg,6,False,True,True,True
ISIC_0026293,ISIC_0027070,HAM_0004897,HAM_0003526,nv,nv,rosendahl,vidir_molemax,images/ISIC_0026293.jpg,images/ISIC_0027070.jpg,6,False,True,False,True
ISIC_0026303,ISIC_0031485,HAM_0001680,HAM_0004641,nv,bkl,vidir_modern,vidir_modern,images/ISIC_0026303.jpg,images/ISIC_0031485.jpg,6,False,True,True,False
ISIC_0026339,ISIC_0032686,HAM_0004951,HAM_0004581,nv,nv,vidir_molemax,vidir_modern,images/ISIC_0026339.jpg,images/ISIC_0032686.jpg,6,False,True,False,True
ISIC_0026347,ISIC_0029441,HAM_0005318,HAM_0000500,nv,nv,rosendahl,rosendahl,images/ISIC_0026347.jpg,images/ISIC_0029441.jpg,6,False,True,False,False
ISIC_0026347,ISIC_0029480,HAM_0005318,HAM_0004898,nv,mel,rosendahl,rosendahl,images/ISIC_0026347.jpg,images/ISIC_0029480.jpg,6,False,True,True,False
ISIC_0026359,ISIC_0031418,HAM_0007504,HAM_0002942,nv,nv,rosendahl,vidir_modern,images/ISIC_0026359.jpg,images/ISIC_0031418.jpg,6,False,True,False,True
ISIC_0026373,ISIC_0026452,HAM_0003736,HAM_0003311,nv,nv,vidir_molemax,rosendahl,images/ISIC_0026373.jpg,images/ISIC_0026452.jpg,6,False,True,False,True
ISIC_0026373,ISIC_0032728,HAM_0003736,HAM_0004550,nv,nv,vidir_molemax,vidir_modern,images/ISIC_0026373.jpg,images/ISIC_0032728.jpg,6,False,True,False,True
ISIC_0026393,ISIC_0028000,HAM_0005011,HAM_0001496,vasc,nv,vidir_molemax,vidir_molemax,images/ISIC_0026393.jpg,images/ISIC_0028000.jpg,6,False,True,True,False
ISIC_0026393,ISIC_0032237,HAM_0005011,HAM_0003370,vasc,nv,vidir_molemax,vidir_molemax,images/ISIC_0026393.jpg,images/ISIC_0032237.jpg,6,False,True,True,False
ISIC_0026400,ISIC_0033105,HAM_0007167,HAM_0003356,nv,nv,rosendahl,vidir_modern,images/ISIC_0026400.jpg,images/ISIC_0033105.jpg,6,False,True,False,True
ISIC_0026422,ISIC_0032473,HAM_0003926,HAM_0004631,bkl,nv,vidir_molemax,vidir_molemax,images/ISIC_0026422.jpg,images/ISIC_0032473.jpg,6,False,True,True,False
ISIC_0026433,ISIC_0030630,HAM_0003826,HAM_0003787,bcc,bkl,rosendahl,vidir_modern,images/ISIC_0026433.jpg,images/ISIC_0030630.jpg,6,False,True,True,True
ISIC_0026435,ISIC_0030892,HAM_0006532,HAM_0007350,nv,nv,vidir_molemax,vidir_modern,images/ISIC_0026435.jpg,images/ISIC_0030892.jpg,6,False,True,False,True
ISIC_0026435,ISIC_0031425,HAM_0006532,HAM_0007087,nv,nv,vidir_molemax,vidir_molemax,images/ISIC_0026435.jpg,images/ISIC_0031425.jpg,6,False,True,False,False
ISIC_0026435,ISIC_0033809,HAM_0006532,HAM_0003998,nv,nv,vidir_molemax,vidir_modern,images/ISIC_0026435.jpg,images/ISIC_0033809.jpg,6,False,True,False,True
ISIC_0026448,ISIC_0026819,HAM_0002659,HAM_0007112,nv,nv,vidir_molemax,vidir_modern,images/ISIC_0026448.jpg,images/ISIC_0026819.jpg,6,False,True,False,True
ISIC_0026448,ISIC_0027028,HAM_0002659,HAM_0005912,nv,nv,vidir_molemax,vidir_molemax,images/ISIC_0026448.jpg,images/ISIC_0027028.jpg,6,False,True,False,False
ISIC_0026448,ISIC_0027160,HAM_0002659,HAM_0007050,nv,nv,vidir_molemax,vidir_molemax,images/ISIC_0026448.jpg,images/ISIC_0027160.jpg,6,False,True,False,False
ISIC_0026448,ISIC_0028295,HAM_0002659,HAM_0007186,nv,nv,vidir_molemax,vidir_molemax,images/ISIC_0026448.jpg,images/ISIC_0028295.jpg,6,False,True,False,False
ISIC_0026452,ISIC_0031620,HAM_0003311,HAM_0007431,nv,bkl,rosendahl,rosendahl,images/ISIC_0026452.jpg,images/ISIC_0031620.jpg,6,False,True,True,False
ISIC_0026464,ISIC_0027515,HAM_0006168,HAM_0003687,nv,nv,vidir_molemax,vidir_molemax,images/ISIC_0026464.jpg,images/ISIC_0027515.jpg,6,False,True,False,False
ISIC_0026464,ISIC_0030892,HAM_0006168,HAM_0007350,nv,nv,vidir_molemax,vidir_modern,images/ISIC_0026464.jpg,images/ISIC_0030892.jpg,6,False,True,False,True
ISIC_0026464,ISIC_0031425,HAM_0006168,HAM_0007087,nv,nv,vidir_molemax,vidir_molemax,images/ISIC_0026464.jpg,images/ISIC_0031425.jpg,6,False,True,False,False
ISIC_0026464,ISIC_0031807,HAM_0006168,HAM_0005511,nv,nv,vidir_molemax,vidir_molemax,images/ISIC_0026464.jpg,images/ISIC_0031807.jpg,6,False,True,False,False
ISIC_0026464,ISIC_0033809,HAM_0006168,HAM_0003998,nv,nv,vidir_molemax,vidir_modern,images/ISIC_0026464.jpg,images/ISIC_0033809.jpg,6,False,True,False,True
ISIC_0026465,ISIC_0033339,HAM_0006661,HAM_0000316,nv,nv,vidir_molemax,vidir_modern,images/ISIC_0026465.jpg,images/ISIC_0033339.jpg,6,False,True,False,True
ISIC_0026467,ISIC_0028853,HAM_0001537,HAM_0001047,vasc,nv,vidir_molemax,vidir_molemax,images/ISIC_0026467.jpg,images/ISIC_0028853.jpg,6,False,True,True,False
ISIC_0026473,ISIC_0026789,HAM_0003110,HAM_0003110,df,df,rosendahl,rosendahl,images/ISIC_0026473.jpg,images/ISIC_0026789.jpg,6,True,False,False,False
ISIC_0026476,ISIC_0028504,HAM_0000303,HAM_0006910,nv,nv,vidir_molemax,rosendahl,images/ISIC_0026476.jpg,images/ISIC_0028504.jpg,6,False,True,False,True
ISIC_0026476,ISIC_0028673,HAM_0000303,HAM_0004553,nv,nv,vidir_molemax,rosendahl,images/ISIC_0026476.jpg,images/ISIC_0028673.jpg,6,False,True,False,True
ISIC_0026476,ISIC_0030162,HAM_0000303,HAM_0006468,nv,nv,vidir_molemax,vidir_molemax,images/ISIC_0026476.jpg,images/ISIC_0030162.jpg,6,False,True,False,False
ISIC_0026476,ISIC_0033282,HAM_0000303,HAM_0004716,nv,nv,vidir_molemax,vidir_modern,images/ISIC_0026476.jpg,images/ISIC_0033282.jpg,6,False,True,False,True
ISIC_0026476,ISIC_0034308,HAM_0000303,HAM_0004272,nv,nv,vidir_molemax,vidir_modern,images/ISIC_0026476.jpg,images/ISIC_0034308.jpg,6,False,True,False,True
ISIC_0026495,ISIC_0028027,HAM_0003977,HAM_0002254,nv,nv,vidir_molemax,vidir_molemax,images/ISIC_0026495.jpg,images/ISIC_0028027.jpg,6,False,True,False,False
ISIC_0026498,ISIC_0030162,HAM_0000054,HAM_0006468,nv,nv,vienna_dias,vidir_molemax,images/ISIC_0026498.jpg,images/ISIC_0030162.jpg,6,False,True,False,True
ISIC_0026499,ISIC_0027634,HAM_0001216,HAM_0005725,nv,nv,vidir_molemax,vidir_molemax,images/ISIC_0026499.jpg,images/ISIC_0027634.jpg,6,False,True,False,False
ISIC_0026499,ISIC_0027785,HAM_0001216,HAM_0006259,nv,nv,vidir_molemax,vidir_molemax,images/ISIC_0026499.jpg,images/ISIC_0027785.jpg,6,False,True,False,False
ISIC_0026500,ISIC_0032110,HAM_0002834,HAM_0002834,mel,mel,vienna_dias,vienna_dias,images/ISIC_0026500.jpg,images/ISIC_0032110.jpg,6,True,False,False,False
ISIC_0026502,ISIC_0028794,HAM_0005107,HAM_0006606,nv,nv,vidir_modern,vidir_molemax,images/ISIC_0026502.jpg,images/ISIC_0028794.jpg,6,False,True,False,True
ISIC_0026502,ISIC_0030453,HAM_0005107,HAM_0003116,nv,nv,vidir_modern,vidir_molemax,images/ISIC_0026502.jpg,images/ISIC_0030453.jpg,6,False,True,False,True
ISIC_0026516,ISIC_0030796,HAM_0003520,HAM_0006793,mel,nv,rosendahl,rosendahl,images/ISIC_0026516.jpg,images/ISIC_0030796.jpg,6,False,True,True,False
ISIC_0026516,ISIC_0033749,HAM_0003520,HAM_0001852,mel,vasc,rosendahl,vidir_modern,images/ISIC_0026516.jpg,images/ISIC_0033749.jpg,6,False,True,True,True
ISIC_0026516,ISIC_0033846,HAM_0003520,HAM_0006516,mel,nv,rosendahl,vidir_modern,images/ISIC_0026516.jpg,images/ISIC_0033846.jpg,6,False,True,True,True
ISIC_0026535,ISIC_0032377,HAM_0000691,HAM_0000196,nv,nv,vidir_molemax,vidir_molemax,images/ISIC_0026535.jpg,images/ISIC_0032377.jpg,6,False,True,False,False
ISIC_0026540,ISIC_0026979,HAM_0002778,HAM_0002060,nv,nv,vidir_molemax,vidir_modern,images/ISIC_0026540.jpg,images/ISIC_0026979.jpg,6,False,True,False,True
ISIC_0026562,ISIC_0027839,HAM_0000429,HAM_0003230,nv,nv,vidir_molemax,vidir_modern,images/ISIC_0026562.jpg,images/ISIC_0027839.jpg,6,False,True,False,True
ISIC_0026572,ISIC_0033052,HAM_0002583,HAM_0004038,nv,nv,vidir_molemax,vidir_modern,images/ISIC_0026572.jpg,images/ISIC_0033052.jpg,6,False,True,False,True
ISIC_0026651,ISIC_0031004,HAM_0001969,HAM_0001408,nv,nv,vidir_molemax,vidir_molemax,images/ISIC_0026651.jpg,images/ISIC_0031004.jpg,6,False,True,False,False
ISIC_0026657,ISIC_0026660,HAM_0002768,HAM_0006599,nv,nv,vidir_modern,vidir_modern,images/ISIC_0026657.jpg,images/ISIC_0026660.jpg,6,False,True,False,False
ISIC_0026711,ISIC_0027127,HAM_0007030,HAM_0005230,nv,nv,rosendahl,rosendahl,images/ISIC_0026711.jpg,images/ISIC_0027127.jpg,6,False,True,False,False
ISIC_0026711,ISIC_0027627,HAM_0007030,HAM_0006244,nv,nv,rosendahl,rosendahl,images/ISIC_0026711.jpg,images/ISIC_0027627.jpg,6,False,True,False,False
ISIC_0026711,ISIC_0027756,HAM_0007030,HAM_0003305,nv,nv,rosendahl,rosendahl,images/ISIC_0026711.jpg,images/ISIC_0027756.jpg,6,False,True,False,False
ISIC_0026711,ISIC_0028131,HAM_0007030,HAM_0003790,nv,nv,rosendahl,rosendahl,images/ISIC_0026711.jpg,images/ISIC_0028131.jpg,6,False,True,False,False
ISIC_0026711,ISIC_0028504,HAM_0007030,HAM_0006910,nv,nv,rosendahl,rosendahl,images/ISIC_0026711.jpg,images/ISIC_0028504.jpg,6,False,True,False,False
ISIC_0026711,ISIC_0028673,HAM_0007030,HAM_0004553,nv,nv,rosendahl,rosendahl,images/ISIC_0026711.jpg,images/ISIC_0028673.jpg,6,False,True,False,False
ISIC_0026711,ISIC_0028809,HAM_0007030,HAM_0004991,nv,nv,rosendahl,rosendahl,images/ISIC_0026711.jpg,images/ISIC_0028809.jpg,6,False,True,False,False
ISIC_0026711,ISIC_0031933,HAM_0007030,HAM_0001455,nv,nv,rosendahl,rosendahl,images/ISIC_0026711.jpg,images/ISIC_0031933.jpg,6,False,True,False,False
ISIC_0026711,ISIC_0032475,HAM_0007030,HAM_0007448,nv,nv,rosendahl,vidir_modern,images/ISIC_0026711.jpg,images/ISIC_0032475.jpg,6,False,True,False,True
ISIC_0026753,ISIC_0031134,HAM_0001934,HAM_0001934,nv,nv,rosendahl,rosendahl,images/ISIC_0026753.jpg,images/ISIC_0031134.jpg,6,True,False,False,False
ISIC_0026771,ISIC_0032964,HAM_0006698,HAM_0007451,nv,nv,vidir_molemax,vidir_modern,images/ISIC_0026771.jpg,images/ISIC_0032964.jpg,6,False,True,False,True
ISIC_0026780,ISIC_0032057,HAM_0007320,HAM_0004862,nv,vasc,vidir_molemax,vidir_molemax,images/ISIC_0026780.jpg,images/ISIC_0032057.jpg,6,False,True,True,False
ISIC_0026805,ISIC_0034238,HAM_0006323,HAM_0002712,nv,nv,rosendahl,vidir_modern,images/ISIC_0026805.jpg,images/ISIC_0034238.jpg,6,False,True,False,True
ISIC_0026809,ISIC_0029530,HAM_0000267,HAM_0000267,nv,nv,rosendahl,rosendahl,images/ISIC_0026809.jpg,images/ISIC_0029530.jpg,6,True,False,False,False
ISIC_0026810,ISIC_0034120,HAM_0007306,HAM_0006445,nv,mel,rosendahl,vidir_modern,images/ISIC_0026810.jpg,images/ISIC_0034120.jpg,6,False,True,True,True
ISIC_0026819,ISIC_0028924,HAM_0007112,HAM_0001149,nv,nv,vidir_modern,vidir_molemax,images/ISIC_0026819.jpg,images/ISIC_0028924.jpg,6,False,True,False,True
ISIC_0026819,ISIC_0032351,HAM_0007112,HAM_0006963,nv,nv,vidir_modern,vidir_molemax,images/ISIC_0026819.jpg,images/ISIC_0032351.jpg,6,False,True,False,True
ISIC_0026826,ISIC_0030606,HAM_0004761,HAM_0002610,nv,vasc,vidir_modern,vidir_modern,images/ISIC_0026826.jpg,images/ISIC_0030606.jpg,6,False,True,True,False
ISIC_0026833,ISIC_0032728,HAM_0006070,HAM_0004550,nv,nv,vidir_molemax,vidir_modern,images/ISIC_0026833.jpg,images/ISIC_0032728.jpg,6,False,True,False,True
ISIC_0026834,ISIC_0031599,HAM_0002296,HAM_0003263,nv,nv,vidir_modern,rosendahl,images/ISIC_0026834.jpg,images/ISIC_0031599.jpg,6,False,True,False,True
ISIC_0026834,ISIC_0032341,HAM_0002296,HAM_0003221,nv,nv,vidir_modern,vidir_modern,images/ISIC_0026834.jpg,images/ISIC_0032341.jpg,6,False,True,False,False
ISIC_0026834,ISIC_0032600,HAM_0002296,HAM_0001930,nv,nv,vidir_modern,vidir_modern,images/ISIC_0026834.jpg,images/ISIC_0032600.jpg,6,False,True,False,False
ISIC_0026834,ISIC_0033786,HAM_0002296,HAM_0005052,nv,nv,vidir_modern,vidir_modern,images/ISIC_0026834.jpg,images/ISIC_0033786.jpg,6,False,True,False,False
ISIC_0026866,ISIC_0026887,HAM_0002754,HAM_0005162,nv,nv,rosendahl,vidir_modern,images/ISIC_0026866.jpg,images/ISIC_0026887.jpg,6,False,True,False,True
ISIC_0026866,ISIC_0029699,HAM_0002754,HAM_0005241,nv,nv,rosendahl,vidir_molemax,images/ISIC_0026866.jpg,images/ISIC_0029699.jpg,6,False,True,False,True
ISIC_0026866,ISIC_0030859,HAM_0002754,HAM_0006822,nv,nv,rosendahl,vidir_modern,images/ISIC_0026866.jpg,images/ISIC_0030859.jpg,6,False,True,False,True
ISIC_0026866,ISIC_0030909,HAM_0002754,HAM_0000258,nv,nv,rosendahl,vidir_modern,images/ISIC_0026866.jpg,images/ISIC_0030909.jpg,6,False,True,False,True
ISIC_0026866,ISIC_0031731,HAM_0002754,HAM_0005355,nv,nv,rosendahl,vidir_molemax,images/ISIC_0026866.jpg,images/ISIC_0031731.jpg,6,False,True,False,True
ISIC_0026866,ISIC_0033152,HAM_0002754,HAM_0001135,nv,mel,rosendahl,vidir_modern,images/ISIC_0026866.jpg,images/ISIC_0033152.jpg,6,False,True,True,True
ISIC_0026869,ISIC_0031435,HAM_0007468,HAM_0004747,nv,nv,vidir_modern,vidir_modern,images/ISIC_0026869.jpg,images/ISIC_0031435.jpg,6,False,True,False,False
ISIC_0026869,ISIC_0034232,HAM_0007468,HAM_0000216,nv,nv,vidir_modern,vidir_modern,images/ISIC_0026869.jpg,images/ISIC_0034232.jpg,6,False,True,False,False
ISIC_0026887,ISIC_0026934,HAM_0005162,HAM_0002729,nv,nv,vidir_modern,vidir_modern,images/ISIC_0026887.jpg,images/ISIC_0026934.jpg,6,False,True,False,False
ISIC_0026887,ISIC_0027501,HAM_0005162,HAM_0006032,nv,nv,vidir_modern,vidir_modern,images/ISIC_0026887.jpg,images/ISIC_0027501.jpg,6,False,True,False,False
ISIC_0026887,ISIC_0027940,HAM_0005162,HAM_0003436,nv,nv,vidir_modern,vidir_molemax,images/ISIC_0026887.jpg,images/ISIC_0027940.jpg,6,False,True,False,True
ISIC_0026887,ISIC_0029699,HAM_0005162,HAM_0005241,nv,nv,vidir_modern,vidir_molemax,images/ISIC_0026887.jpg,images/ISIC_0029699.jpg,6,False,True,False,True
ISIC_0026887,ISIC_0034200,HAM_0005162,HAM_0004583,nv,nv,vidir_modern,vidir_modern,images/ISIC_0026887.jpg,images/ISIC_0034200.jpg,6,False,True,False,False
ISIC_0026906,ISIC_0026934,HAM_0005782,HAM_0002729,nv,nv,vidir_molemax,vidir_modern,images/ISIC_0026906.jpg,images/ISIC_0026934.jpg,6,False,True,False,True
ISIC_0026906,ISIC_0027117,HAM_0005782,HAM_0006351,nv,bcc,vidir_molemax,vidir_modern,images/ISIC_0026906.jpg,images/ISIC_0027117.jpg,6,False,True,True,True
ISIC_0026906,ISIC_0027685,HAM_0005782,HAM_0005120,nv,nv,vidir_molemax,vidir_molemax,images/ISIC_0026906.jpg,images/ISIC_0027685.jpg,6,False,True,False,False
ISIC_0026906,ISIC_0027913,HAM_0005782,HAM_0001564,nv,nv,vidir_molemax,vidir_molemax,images/ISIC_0026906.jpg,images/ISIC_0027913.jpg,6,False,True,False,False
ISIC_0026906,ISIC_0027993,HAM_0005782,HAM_0004659,nv,nv,vidir_molemax,vidir_molemax,images/ISIC_0026906.jpg,images/ISIC_0027993.jpg,6,False,True,False,False
ISIC_0026906,ISIC_0029294,HAM_0005782,HAM_0003564,nv,nv,vidir_molemax,vidir_molemax,images/ISIC_0026906.jpg,images/ISIC_0029294.jpg,6,False,True,False,False
ISIC_0026906,ISIC_0029699,HAM_0005782,HAM_0005241,nv,nv,vidir_molemax,vidir_molemax,images/ISIC_0026906.jpg,images/ISIC_0029699.jpg,6,False,True,False,False
ISIC_0026906,ISIC_0030859,HAM_0005782,HAM_0006822,nv,nv,vidir_molemax,vidir_modern,images/ISIC_0026906.jpg,images/ISIC_0030859.jpg,6,False,True,False,True
ISIC_0026906,ISIC_0031273,HAM_0005782,HAM_0006687,nv,nv,vidir_molemax,vidir_molemax,images/ISIC_0026906.jpg,images/ISIC_0031273.jpg,6,False,True,False,False
ISIC_0026906,ISIC_0031435,HAM_0005782,HAM_0004747,nv,nv,vidir_molemax,vidir_modern,images/ISIC_0026906.jpg,images/ISIC_0031435.jpg,6,False,True,False,True
ISIC_0026906,ISIC_0032026,HAM_0005782,HAM_0002832,nv,nv,vidir_molemax,vidir_modern,images/ISIC_0026906.jpg,images/ISIC_0032026.jpg,6,False,True,False,True
ISIC_0026906,ISIC_0032157,HAM_0005782,HAM_0000353,nv,nv,vidir_molemax,rosendahl,images/ISIC_0026906.jpg,images/ISIC_0032157.jpg,6,False,True,False,True
ISIC_0026906,ISIC_0032678,HAM_0005782,HAM_0004344,nv,nv,vidir_molemax,vidir_modern,images/ISIC_0026906.jpg,images/ISIC_0032678.jpg,6,False,True,False,True
ISIC_0026906,ISIC_0033809,HAM_0005782,HAM_0003998,nv,nv,vidir_molemax,vidir_modern,images/ISIC_0026906.jpg,images/ISIC_0033809.jpg,6,False,True,False,True
ISIC_0026906,ISIC_0034232,HAM_0005782,HAM_0000216,nv,nv,vidir_molemax,vidir_modern,images/ISIC_0026906.jpg,images/ISIC_0034232.jpg,6,False,True,False,True
ISIC_0026911,ISIC_0027117,HAM_0006303,HAM_0006351,nv,bcc,vidir_modern,vidir_modern,images/ISIC_0026911.jpg,images/ISIC_0027117.jpg,6,False,True,True,False
ISIC_0026911,ISIC_0027959,HAM_0006303,HAM_0007083,nv,nv,vidir_modern,rosendahl,images/ISIC_0026911.jpg,images/ISIC_0027959.jpg,6,False,True,False,True
ISIC_0026911,ISIC_0030859,HAM_0006303,HAM_0006822,nv,nv,vidir_modern,vidir_modern,images/ISIC_0026911.jpg,images/ISIC_0030859.jpg,6,False,True,False,False
ISIC_0026911,ISIC_0032150,HAM_0006303,HAM_0000230,nv,nv,vidir_modern,vidir_modern,images/ISIC_0026911.jpg,images/ISIC_0032150.jpg,6,False,True,False,False
ISIC_0026919,ISIC_0030686,HAM_0001945,HAM_0001592,nv,nv,vidir_molemax,vidir_molemax,images/ISIC_0026919.jpg,images/ISIC_0030686.jpg,6,False,True,False,False
ISIC_0026922,ISIC_0028139,HAM_0006881,HAM_0002429,nv,nv,rosendahl,rosendahl,images/ISIC_0026922.jpg,images/ISIC_0028139.jpg,6,False,True,False,False
ISIC_0026922,ISIC_0028504,HAM_0006881,HAM_0006910,nv,nv,rosendahl,rosendahl,images/ISIC_0026922.jpg,images/ISIC_0028504.jpg,6,False,True,False,False
ISIC_0026922,ISIC_0028963,HAM_0006881,HAM_0002423,nv,nv,rosendahl,rosendahl,images/ISIC_0026922.jpg,images/ISIC_0028963.jpg,6,False,True,False,False
ISIC_0026922,ISIC_0029665,HAM_0006881,HAM_0000347,nv,nv,rosendahl,rosendahl,images/ISIC_0026922.jpg,images/ISIC_0029665.jpg,6,False,True,False,False
ISIC_0026922,ISIC_0031042,HAM_0006881,HAM_0005994,nv,nv,rosendahl,rosendahl,images/ISIC_0026922.jpg,images/ISIC_0031042.jpg,6,False,True,False,False
ISIC_0026922,ISIC_0032769,HAM_0006881,HAM_0004444,nv,nv,rosendahl,vidir_modern,images/ISIC_0026922.jpg,images/ISIC_0032769.jpg,6,False,True,False,True
ISIC_0026922,ISIC_0033237,HAM_0006881,HAM_0001040,nv,nv,rosendahl,vidir_modern,images/ISIC_0026922.jpg,images/ISIC_0033237.jpg,6,False,True,False,True
ISIC_0026922,ISIC_0033561,HAM_0006881,HAM_0004708,nv,nv,rosendahl,vidir_modern,images/ISIC_0026922.jpg,images/ISIC_0033561.jpg,6,False,True,False,True
ISIC_0026922,ISIC_0033982,HAM_0006881,HAM_0006643,nv,nv,rosendahl,vidir_modern,images/ISIC_0026922.jpg,images/ISIC_0033982.jpg,6,False,True,False,True
ISIC_0026922,ISIC_0034069,HAM_0006881,HAM_0003441,nv,nv,rosendahl,vidir_modern,images/ISIC_0026922.jpg,images/ISIC_0034069.jpg,6,False,True,False,True
ISIC_0026925,ISIC_0032386,HAM_0000285,HAM_0000310,nv,nv,vidir_molemax,vidir_molemax,images/ISIC_0026925.jpg,images/ISIC_0032386.jpg,6,False,True,False,False
ISIC_0026934,ISIC_0027501,HAM_0002729,HAM_0006032,nv,nv,vidir_modern,vidir_modern,images/ISIC_0026934.jpg,images/ISIC_0027501.jpg,6,False,True,False,False
ISIC_0026934,ISIC_0027940,HAM_0002729,HAM_0003436,nv,nv,vidir_modern,vidir_molemax,images/ISIC_0026934.jpg,images/ISIC_0027940.jpg,6,False,True,False,True
ISIC_0026934,ISIC_0029294,HAM_0002729,HAM_0003564,nv,nv,vidir_modern,vidir_molemax,images/ISIC_0026934.jpg,images/ISIC_0029294.jpg,6,False,True,False,True
ISIC_0026934,ISIC_0029699,HAM_0002729,HAM_0005241,nv,nv,vidir_modern,vidir_molemax,images/ISIC_0026934.jpg,images/ISIC_0029699.jpg,6,False,True,False,True
ISIC_0026934,ISIC_0031273,HAM_0002729,HAM_0006687,nv,nv,vidir_modern,vidir_molemax,images/ISIC_0026934.jpg,images/ISIC_0031273.jpg,6,False,True,False,True
ISIC_0026934,ISIC_0032157,HAM_0002729,HAM_0000353,nv,nv,vidir_modern,rosendahl,images/ISIC_0026934.jpg,images/ISIC_0032157.jpg,6,False,True,False,True
ISIC_0026934,ISIC_0032336,HAM_0002729,HAM_0002460,nv,nv,vidir_modern,vidir_molemax,images/ISIC_0026934.jpg,images/ISIC_0032336.jpg,6,False,True,False,True
ISIC_0026935,ISIC_0027993,HAM_0003909,HAM_0004659,nv,nv,vidir_molemax,vidir_molemax,images/ISIC_0026935.jpg,images/ISIC_0027993.jpg,6,False,True,False,False
ISIC_0026935,ISIC_0029944,HAM_0003909,HAM_0006119,nv,nv,vidir_molemax,vidir_molemax,images/ISIC_0026935.jpg,images/ISIC_0029944.jpg,6,False,True,False,False
ISIC_0026935,ISIC_0031273,HAM_0003909,HAM_0006687,nv,nv,vidir_molemax,vidir_molemax,images/ISIC_0026935.jpg,images/ISIC_0031273.jpg,6,False,True,False,False
ISIC_0026979,ISIC_0032851,HAM_0002060,HAM_0001908,nv,nv,vidir_modern,vidir_modern,images/ISIC_0026979.jpg,images/ISIC_0032851.jpg,6,False,True,False,False
ISIC_0026980,ISIC_0028276,HAM_0005876,HAM_0001126,nv,nv,vidir_molemax,rosendahl,images/ISIC_0026980.jpg,images/ISIC_0028276.jpg,6,False,True,False,True
ISIC_0026980,ISIC_0029532,HAM_0005876,HAM_0006314,nv,nv,vidir_molemax,vidir_molemax,images/ISIC_0026980.jpg,images/ISIC_0029532.jpg,6,False,True,False,False
ISIC_0026987,ISIC_0028963,HAM_0006994,HAM_0002423,nv,nv,rosendahl,rosendahl,images/ISIC_0026987.jpg,images/ISIC_0028963.jpg,6,False,True,False,False
ISIC_0026987,ISIC_0030061,HAM_0006994,HAM_0000836,nv,nv,rosendahl,rosendahl,images/ISIC_0026987.jpg,images/ISIC_0030061.jpg,6,False,True,False,False
ISIC_0026987,ISIC_0032475,HAM_0006994,HAM_0007448,nv,nv,rosendahl,vidir_modern,images/ISIC_0026987.jpg,images/ISIC_0032475.jpg,6,False,True,False,True
ISIC_0026987,ISIC_0033852,HAM_0006994,HAM_0004708,nv,nv,rosendahl,vidir_modern,images/ISIC_0026987.jpg,images/ISIC_0033852.jpg,6,False,True,False,True
ISIC_0027014,ISIC_0029675,HAM_0002627,HAM_0001314,nv,nv,vidir_molemax,vidir_molemax,images/ISIC_0027014.jpg,images/ISIC_0029675.jpg,6,False,True,False,False
ISIC_0027022,ISIC_0031533,HAM_0005453,HAM_0001013,nv,nv,vidir_molemax,vidir_molemax,images/ISIC_0027022.jpg,images/ISIC_0031533.jpg,6,False,True,False,False
ISIC_0027028,ISIC_0027160,HAM_0005912,HAM_0007050,nv,nv,vidir_molemax,vidir_molemax,images/ISIC_0027028.jpg,images/ISIC_0027160.jpg,6,False,True,False,False
ISIC_0027031,ISIC_0027847,HAM_0006742,HAM_0000249,nv,nv,vidir_modern,vidir_modern,images/ISIC_0027031.jpg,images/ISIC_0027847.jpg,6,False,True,False,False
ISIC_0027031,ISIC_0031855,HAM_0006742,HAM_0002843,nv,nv,vidir_modern,vidir_molemax,images/ISIC_0027031.jpg,images/ISIC_0031855.jpg,6,False,True,False,True
ISIC_0027051,ISIC_0027928,HAM_0006972,HAM_0001077,nv,nv,rosendahl,rosendahl,images/ISIC_0027051.jpg,images/ISIC_0027928.jpg,6,False,True,False,False
ISIC_0027076,ISIC_0029328,HAM_0000492,HAM_0001169,mel,nv,vidir_modern,vidir_modern,images/ISIC_0027076.jpg,images/ISIC_0029328.jpg,6,False,True,True,False
ISIC_0027092,ISIC_0027489,HAM_0007582,HAM_0006565,nv,nv,vidir_molemax,vidir_molemax,images/ISIC_0027092.jpg,images/ISIC_0027489.jpg,6,False,True,False,False
ISIC_0027092,ISIC_0030556,HAM_0007582,HAM_0001771,nv,nv,vidir_molemax,vidir_molemax,images/ISIC_0027092.jpg,images/ISIC_0030556.jpg,6,False,True,False,False
ISIC_0027092,ISIC_0031216,HAM_0007582,HAM_0006861,nv,nv,vidir_molemax,vidir_modern,images/ISIC_0027092.jpg,images/ISIC_0031216.jpg,6,False,True,False,True
ISIC_0027096,ISIC_0028910,HAM_0000656,HAM_0006136,nv,nv,vidir_molemax,vidir_molemax,images/ISIC_0027096.jpg,images/ISIC_0028910.jpg,6,False,True,False,False
ISIC_0027117,ISIC_0027685,HAM_0006351,HAM_0005120,bcc,nv,vidir_modern,vidir_molemax,images/ISIC_0027117.jpg,images/ISIC_0027685.jpg,6,False,True,True,True
ISIC_0027117,ISIC_0027999,HAM_0006351,HAM_0002295,bcc,nv,vidir_modern,rosendahl,images/ISIC_0027117.jpg,images/ISIC_0027999.jpg,6,False,True,True,True
ISIC_0027117,ISIC_0029294,HAM_0006351,HAM_0003564,bcc,nv,vidir_modern,vidir_molemax,images/ISIC_0027117.jpg,images/ISIC_0029294.jpg,6,False,True,True,True
ISIC_0027117,ISIC_0029699,HAM_0006351,HAM_0005241,bcc,nv,vidir_modern,vidir_molemax,images/ISIC_0027117.jpg,images/ISIC_0029699.jpg,6,False,True,True,True
ISIC_0027117,ISIC_0030859,HAM_0006351,HAM_0006822,bcc,nv,vidir_modern,vidir_modern,images/ISIC_0027117.jpg,images/ISIC_0030859.jpg,6,False,True,True,False
ISIC_0027117,ISIC_0031731,HAM_0006351,HAM_0005355,bcc,nv,vidir_modern,vidir_molemax,images/ISIC_0027117.jpg,images/ISIC_0031731.jpg,6,False,True,True,True
ISIC_0027117,ISIC_0032336,HAM_0006351,HAM_0002460,bcc,nv,vidir_modern,vidir_molemax,images/ISIC_0027117.jpg,images/ISIC_0032336.jpg,6,False,True,True,True
ISIC_0027123,ISIC_0028141,HAM_0003780,HAM_0007014,nv,nv,vidir_molemax,rosendahl,images/ISIC_0027123.jpg,images/ISIC_0028141.jpg,6,False,True,False,True
ISIC_0027127,ISIC_0028032,HAM_0005230,HAM_0003058,nv,nv,rosendahl,rosendahl,images/ISIC_0027127.jpg,images/ISIC_0028032.jpg,6,False,True,False,False
ISIC_0027129,ISIC_0027583,HAM_0007545,HAM_0001925,nv,nv,vidir_molemax,vidir_molemax,images/ISIC_0027129.jpg,images/ISIC_0027583.jpg,6,False,True,False,False
ISIC_0027129,ISIC_0028862,HAM_0007545,HAM_0003382,nv,nv,vidir_molemax,vidir_molemax,images/ISIC_0027129.jpg,images/ISIC_0028862.jpg,6,False,True,False,False
ISIC_0027129,ISIC_0029442,HAM_0007545,HAM_0007175,nv,nv,vidir_molemax,vidir_molemax,images/ISIC_0027129.jpg,images/ISIC_0029442.jpg,6,False,True,False,False
ISIC_0027133,ISIC_0027530,HAM_0004604,HAM_0001248,nv,nv,vidir_modern,vidir_modern,images/ISIC_0027133.jpg,images/ISIC_0027530.jpg,6,False,True,False,False
ISIC_0027133,ISIC_0027757,HAM_0004604,HAM_0007112,nv,nv,vidir_modern,vidir_modern,images/ISIC_0027133.jpg,images/ISIC_0027757.jpg,6,False,True,False,False
ISIC_0027133,ISIC_0031323,HAM_0004604,HAM_0000258,nv,nv,vidir_modern,vidir_modern,images/ISIC_0027133.jpg,images/ISIC_0031323.jpg,6,False,True,False,False
ISIC_0027133,ISIC_0032082,HAM_0004604,HAM_0005107,nv,nv,vidir_modern,vidir_modern,images/ISIC_0027133.jpg,images/ISIC_0032082.jpg,6,False,True,False,False
ISIC_0027148,ISIC_0029284,HAM_0005949,HAM_0007048,nv,nv,vidir_molemax,vidir_molemax,images/ISIC_0027148.jpg,images/ISIC_0029284.jpg,6,False,True,False,False
ISIC_0027151,ISIC_0029756,HAM_0007179,HAM_0003221,bkl,nv,vidir_modern,vidir_modern,images/ISIC_0027151.jpg,images/ISIC_0029756.jpg,6,False,True,True,False
ISIC_0027151,ISIC_0033846,HAM_0007179,HAM_0006516,bkl,nv,vidir_modern,vidir_modern,images/ISIC_0027151.jpg,images/ISIC_0033846.jpg,6,False,True,True,False
ISIC_0027160,ISIC_0029325,HAM_0007050,HAM_0000026,nv,nv,vidir_molemax,vidir_molemax,images/ISIC_0027160.jpg,images/ISIC_0029325.jpg,6,False,True,False,False
ISIC_0027197,ISIC_0030431,HAM_0006244,HAM_0005833,nv,nv,rosendahl,vidir_molemax,images/ISIC_0027197.jpg,images/ISIC_0030431.jpg,6,False,True,False,True
ISIC_0027197,ISIC_0033840,HAM_0006244,HAM_0004503,nv,nv,rosendahl,vidir_modern,images/ISIC_0027197.jpg,images/ISIC_0033840.jpg,6,False,True,False,True
ISIC_0027197,ISIC_0034244,HAM_0006244,HAM_0006121,nv,nv,rosendahl,vidir_modern,images/ISIC_0027197.jpg,images/ISIC_0034244.jpg,6,False,True,False,True
ISIC_0027198,ISIC_0027848,HAM_0000960,HAM_0000930,nv,nv,vidir_modern,vidir_modern,images/ISIC_0027198.jpg,images/ISIC_0027848.jpg,6,False,True,False,False
ISIC_0027211,ISIC_0029845,HAM_0006262,HAM_0000892,nv,nv,vidir_modern,vidir_modern,images/ISIC_0027211.jpg,images/ISIC_0029845.jpg,6,False,True,False,False
ISIC_0027211,ISIC_0030350,HAM_0006262,HAM_0006822,nv,nv,vidir_modern,vidir_modern,images/ISIC_0027211.jpg,images/ISIC_0030350.jpg,6,False,True,False,False
ISIC_0027211,ISIC_0031105,HAM_0006262,HAM_0002566,nv,nv,vidir_modern,vidir_modern,images/ISIC_0027211.jpg,images/ISIC_0031105.jpg,6,False,True,False,False
ISIC_0027221,ISIC_0033625,HAM_0004737,HAM_0005300,nv,nv,vidir_molemax,vidir_modern,images/ISIC_0027221.jpg,images/ISIC_0033625.jpg,6,False,True,False,True
ISIC_0027246,ISIC_0032544,HAM_0002740,HAM_0000388,nv,mel,vienna_dias,vidir_modern,images/ISIC_0027246.jpg,images/ISIC_0032544.jpg,6,False,True,True,True
ISIC_0027252,ISIC_0028857,HAM_0004674,HAM_0002107,nv,nv,vidir_molemax,rosendahl,images/ISIC_0027252.jpg,images/ISIC_0028857.jpg,6,False,True,False,True
ISIC_0027262,ISIC_0030104,HAM_0003590,HAM_0001122,nv,vasc,rosendahl,vidir_molemax,images/ISIC_0027262.jpg,images/ISIC_0030104.jpg,6,False,True,True,True
ISIC_0027264,ISIC_0027804,HAM_0005360,HAM_0005841,nv,nv,vidir_modern,vidir_molemax,images/ISIC_0027264.jpg,images/ISIC_0027804.jpg,6,False,True,False,True
ISIC_0027264,ISIC_0032405,HAM_0005360,HAM_0001455,nv,nv,vidir_modern,rosendahl,images/ISIC_0027264.jpg,images/ISIC_0032405.jpg,6,False,True,False,True
ISIC_0027264,ISIC_0032824,HAM_0005360,HAM_0004590,nv,nv,vidir_modern,vidir_modern,images/ISIC_0027264.jpg,images/ISIC_0032824.jpg,6,False,True,False,False
ISIC_0027265,ISIC_0033809,HAM_0005347,HAM_0003998,nv,nv,vidir_modern,vidir_modern,images/ISIC_0027265.jpg,images/ISIC_0033809.jpg,6,False,True,False,False
ISIC_0027276,ISIC_0031810,HAM_0000649,HAM_0000544,nv,nv,vidir_molemax,vidir_molemax,images/ISIC_0027276.jpg,images/ISIC_0031810.jpg,6,False,True,False,False
ISIC_0027313,ISIC_0027804,HAM_0001108,HAM_0005841,nv,nv,vidir_molemax,vidir_molemax,images/ISIC_0027313.jpg,images/ISIC_0027804.jpg,6,False,True,False,False
ISIC_0027313,ISIC_0027819,HAM_0001108,HAM_0004827,nv,bcc,vidir_molemax,rosendahl,images/ISIC_0027313.jpg,images/ISIC_0027819.jpg,6,False,True,True,True
ISIC_0027313,ISIC_0029292,HAM_0001108,HAM_0004295,nv,nv,vidir_molemax,vidir_molemax,images/ISIC_0027313.jpg,images/ISIC_0029292.jpg,6,False,True,False,False
ISIC_0027313,ISIC_0029735,HAM_0001108,HAM_0002120,nv,nv,vidir_molemax,vidir_modern,images/ISIC_0027313.jpg,images/ISIC_0029735.jpg,6,False,True,False,True
ISIC_0027313,ISIC_0030198,HAM_0001108,HAM_0005695,nv,nv,vidir_molemax,rosendahl,images/ISIC_0027313.jpg,images/ISIC_0030198.jpg,6,False,True,False,True
ISIC_0027313,ISIC_0030556,HAM_0001108,HAM_0001771,nv,nv,vidir_molemax,vidir_molemax,images/ISIC_0027313.jpg,images/ISIC_0030556.jpg,6,False,True,False,False
ISIC_0027313,ISIC_0032405,HAM_0001108,HAM_0001455,nv,nv,vidir_molemax,rosendahl,images/ISIC_0027313.jpg,images/ISIC_0032405.jpg,6,False,True,False,True
ISIC_0027313,ISIC_0033797,HAM_0001108,HAM_0004205,nv,nv,vidir_molemax,vidir_modern,images/ISIC_0027313.jpg,images/ISIC_0033797.jpg,6,False,True,False,True
ISIC_0027329,ISIC_0027938,HAM_0007400,HAM_0006885,nv,nv,vidir_molemax,vidir_molemax,images/ISIC_0027329.jpg,images/ISIC_0027938.jpg,6,False,True,False,False
ISIC_0027369,ISIC_0029677,HAM_0003228,HAM_0000567,nv,nv,vidir_molemax,vidir_molemax,images/ISIC_0027369.jpg,images/ISIC_0029677.jpg,6,False,True,False,False
ISIC_0027385,ISIC_0030123,HAM_0004455,HAM_0006652,vasc,bkl,vidir_modern,vidir_modern,images/ISIC_0027385.jpg,images/ISIC_0030123.jpg,6,False,True,True,False
ISIC_0027385,ISIC_0030354,HAM_0004455,HAM_0003987,vasc,nv,vidir_modern,rosendahl,images/ISIC_0027385.jpg,images/ISIC_0030354.jpg,6,False,True,True,True
ISIC_0027385,ISIC_0031322,HAM_0004455,HAM_0006411,vasc,nv,vidir_modern,vidir_modern,images/ISIC_0027385.jpg,images/ISIC_0031322.jpg,6,False,True,True,False
ISIC_0027385,ISIC_0032362,HAM_0004455,HAM_0007127,vasc,nv,vidir_modern,vidir_modern,images/ISIC_0027385.jpg,images/ISIC_0032362.jpg,6,False,True,True,False
ISIC_0027385,ISIC_0033239,HAM_0004455,HAM_0006321,vasc,mel,vidir_modern,vidir_modern,images/ISIC_0027385.jpg,images/ISIC_0033239.jpg,6,False,True,True,False
ISIC_0027431,ISIC_0028477,HAM_0000698,HAM_0005531,nv,nv,vidir_modern,vidir_modern,images/ISIC_0027431.jpg,images/ISIC_0028477.jpg,6,False,True,False,False
ISIC_0027431,ISIC_0030581,HAM_0000698,HAM_0002916,nv,nv,vidir_modern,rosendahl,images/ISIC_0027431.jpg,images/ISIC_0030581.jpg,6,False,True,False,True
ISIC_0027431,ISIC_0030676,HAM_0000698,HAM_0005054,nv,nv,vidir_modern,vidir_molemax,images/ISIC_0027431.jpg,images/ISIC_0030676.jpg,6,False,True,False,True
ISIC_0027431,ISIC_0033423,HAM_0000698,HAM_0006516,nv,nv,vidir_modern,vidir_modern,images/ISIC_0027431.jpg,images/ISIC_0033423.jpg,6,False,True,False,False
ISIC_0027432,ISIC_0030676,HAM_0007196,HAM_0005054,nv,nv,vidir_modern,vidir_molemax,images/ISIC_0027432.jpg,images/ISIC_0030676.jpg,6,False,True,False,True
ISIC_0027432,ISIC_0033423,HAM_0007196,HAM_0006516,nv,nv,vidir_modern,vidir_modern,images/ISIC_0027432.jpg,images/ISIC_0033423.jpg,6,False,True,False,False
ISIC_0027443,ISIC_0030251,HAM_0000738,HAM_0001989,nv,nv,vidir_molemax,rosendahl,images/ISIC_0027443.jpg,images/ISIC_0030251.jpg,6,False,True,False,True
ISIC_0027443,ISIC_0032621,HAM_0000738,HAM_0005760,nv,nv,vidir_molemax,vidir_modern,images/ISIC_0027443.jpg,images/ISIC_0032621.jpg,6,False,True,False,True
ISIC_0027455,ISIC_0028831,HAM_0004673,HAM_0006856,bkl,nv,vidir_modern,vidir_modern,images/ISIC_0027455.jpg,images/ISIC_0028831.jpg,6,False,True,True,False
ISIC_0027486,ISIC_0034037,HAM_0000129,HAM_0001309,nv,bkl,rosendahl,vidir_modern,images/ISIC_0027486.jpg,images/ISIC_0034037.jpg,6,False,True,True,True
ISIC_0027489,ISIC_0027819,HAM_0006565,HAM_0004827,nv,bcc,vidir_molemax,rosendahl,images/ISIC_0027489.jpg,images/ISIC_0027819.jpg,6,False,True,True,True
ISIC_0027489,ISIC_0029292,HAM_0006565,HAM_0004295,nv,nv,vidir_molemax,vidir_molemax,images/ISIC_0027489.jpg,images/ISIC_0029292.jpg,6,False,True,False,False
ISIC_0027489,ISIC_0029735,HAM_0006565,HAM_0002120,nv,nv,vidir_molemax,vidir_modern,images/ISIC_0027489.jpg,images/ISIC_0029735.jpg,6,False,True,False,True
ISIC_0027489,ISIC_0030456,HAM_0006565,HAM_0000194,nv,nv,vidir_molemax,rosendahl,images/ISIC_0027489.jpg,images/ISIC_0030456.jpg,6,False,True,False,True
ISIC_0027489,ISIC_0033743,HAM_0006565,HAM_0001026,nv,nv,vidir_molemax,vidir_modern,images/ISIC_0027489.jpg,images/ISIC_0033743.jpg,6,False,True,False,True
ISIC_0027494,ISIC_0028047,HAM_0003554,HAM_0002621,nv,nv,vidir_molemax,vidir_molemax,images/ISIC_0027494.jpg,images/ISIC_0028047.jpg,6,False,True,False,False
ISIC_0027494,ISIC_0031273,HAM_0003554,HAM_0006687,nv,nv,vidir_molemax,vidir_molemax,images/ISIC_0027494.jpg,images/ISIC_0031273.jpg,6,False,True,False,False
ISIC_0027494,ISIC_0031574,HAM_0003554,HAM_0005928,nv,nv,vidir_molemax,vidir_molemax,images/ISIC_0027494.jpg,images/ISIC_0031574.jpg,6,False,True,False,False
ISIC_0027501,ISIC_0027999,HAM_0006032,HAM_0002295,nv,nv,vidir_modern,rosendahl,images/ISIC_0027501.jpg,images/ISIC_0027999.jpg,6,False,True,False,True
ISIC_0027501,ISIC_0028371,HAM_0006032,HAM_0007464,nv,nv,vidir_modern,vidir_modern,images/ISIC_0027501.jpg,images/ISIC_0028371.jpg,6,False,True,False,False
ISIC_0027501,ISIC_0028724,HAM_0006032,HAM_0006450,nv,nv,vidir_modern,vidir_molemax,images/ISIC_0027501.jpg,images/ISIC_0028724.jpg,6,False,True,False,True
ISIC_0027501,ISIC_0029289,HAM_0006032,HAM_0001469,nv,bkl,vidir_modern,vidir_modern,images/ISIC_0027501.jpg,images/ISIC_0029289.jpg,6,False,True,True,False
ISIC_0027501,ISIC_0029636,HAM_0006032,HAM_0001220,nv,nv,vidir_modern,vidir_modern,images/ISIC_0027501.jpg,images/ISIC_0029636.jpg,6,False,True,False,False
ISIC_0027501,ISIC_0030859,HAM_0006032,HAM_0006822,nv,nv,vidir_modern,vidir_modern,images/ISIC_0027501.jpg,images/ISIC_0030859.jpg,6,False,True,False,False
ISIC_0027501,ISIC_0030909,HAM_0006032,HAM_0000258,nv,nv,vidir_modern,vidir_modern,images/ISIC_0027501.jpg,images/ISIC_0030909.jpg,6,False,True,False,False
ISIC_0027501,ISIC_0031485,HAM_0006032,HAM_0004641,nv,bkl,vidir_modern,vidir_modern,images/ISIC_0027501.jpg,images/ISIC_0031485.jpg,6,False,True,True,False
ISIC_0027501,ISIC_0031731,HAM_0006032,HAM_0005355,nv,nv,vidir_modern,vidir_molemax,images/ISIC_0027501.jpg,images/ISIC_0031731.jpg,6,False,True,False,True
ISIC_0027501,ISIC_0032026,HAM_0006032,HAM_0002832,nv,nv,vidir_modern,vidir_modern,images/ISIC_0027501.jpg,images/ISIC_0032026.jpg,6,False,True,False,False
ISIC_0027501,ISIC_0032966,HAM_0006032,HAM_0004076,nv,nv,vidir_modern,vidir_modern,images/ISIC_0027501.jpg,images/ISIC_0032966.jpg,6,False,True,False,False
ISIC_0027501,ISIC_0034200,HAM_0006032,HAM_0004583,nv,nv,vidir_modern,vidir_modern,images/ISIC_0027501.jpg,images/ISIC_0034200.jpg,6,False,True,False,False
ISIC_0027502,ISIC_0032533,HAM_0005747,HAM_0003602,mel,mel,rosendahl,vidir_modern,images/ISIC_0027502.jpg,images/ISIC_0032533.jpg,6,False,True,False,True
ISIC_0027503,ISIC_0028039,HAM_0006464,HAM_0000035,nv,nv,rosendahl,vidir_molemax,images/ISIC_0027503.jpg,images/ISIC_0028039.jpg,6,False,True,False,True
ISIC_0027507,ISIC_0027797,HAM_0003601,HAM_0000910,mel,mel,rosendahl,rosendahl,images/ISIC_0027507.jpg,images/ISIC_0027797.jpg,6,False,True,False,False
ISIC_0027507,ISIC_0030251,HAM_0003601,HAM_0001989,mel,nv,rosendahl,rosendahl,images/ISIC_0027507.jpg,images/ISIC_0030251.jpg,6,False,True,True,False
ISIC_0027507,ISIC_0032195,HAM_0003601,HAM_0007075,mel,nv,rosendahl,rosendahl,images/ISIC_0027507.jpg,images/ISIC_0032195.jpg,6,False,True,True,False
ISIC_0027515,ISIC_0028911,HAM_0003687,HAM_0006058,nv,nv,vidir_molemax,vidir_molemax,images/ISIC_0027515.jpg,images/ISIC_0028911.jpg,6,False,True,False,False
ISIC_0027519,ISIC_0029103,HAM_0004895,HAM_0004798,nv,nv,vienna_dias,vidir_molemax,images/ISIC_0027519.jpg,images/ISIC_0029103.jpg,6,False,True,False,True
ISIC_0027523,ISIC_0030553,HAM_0001498,HAM_0005848,nv,nv,vidir_modern,rosendahl,images/ISIC_0027523.jpg,images/ISIC_0030553.jpg,6,False,True,False,True
ISIC_0027530,ISIC_0032082,HAM_0001248,HAM_0005107,nv,nv,vidir_modern,vidir_modern,images/ISIC_0027530.jpg,images/ISIC_0032082.jpg,6,False,True,False,False
ISIC_0027538,ISIC_0029570,HAM_0000798,HAM_0002130,nv,mel,rosendahl,rosendahl,images/ISIC_0027538.jpg,images/ISIC_0029570.jpg,6,False,True,True,False
ISIC_0027583,ISIC_0030156,HAM_0001925,HAM_0004954,nv,nv,vidir_molemax,vienna_dias,images/ISIC_0027583.jpg,images/ISIC_0030156.jpg,6,False,True,False,True
ISIC_0027599,ISIC_0032010,HAM_0000399,HAM_0000445,nv,nv,vidir_molemax,vidir_molemax,images/ISIC_0027599.jpg,images/ISIC_0032010.jpg,6,False,True,False,False
ISIC_0027600,ISIC_0030641,HAM_0001959,HAM_0006079,nv,nv,vidir_molemax,vidir_molemax,images/ISIC_0027600.jpg,images/ISIC_0030641.jpg,6,False,True,False,False
ISIC_0027600,ISIC_0031599,HAM_0001959,HAM_0003263,nv,nv,vidir_molemax,rosendahl,images/ISIC_0027600.jpg,images/ISIC_0031599.jpg,6,False,True,False,True
ISIC_0027603,ISIC_0032939,HAM_0003922,HAM_0003358,nv,nv,vidir_molemax,vidir_modern,images/ISIC_0027603.jpg,images/ISIC_0032939.jpg,6,False,True,False,True
ISIC_0027603,ISIC_0033889,HAM_0003922,HAM_0005062,nv,nv,vidir_molemax,vidir_modern,images/ISIC_0027603.jpg,images/ISIC_0033889.jpg,6,False,True,False,True
ISIC_0027627,ISIC_0027797,HAM_0006244,HAM_0000910,nv,mel,rosendahl,rosendahl,images/ISIC_0027627.jpg,images/ISIC_0027797.jpg,6,False,True,True,False
ISIC_0027627,ISIC_0029480,HAM_0006244,HAM_0004898,nv,mel,rosendahl,rosendahl,images/ISIC_0027627.jpg,images/ISIC_0029480.jpg,6,False,True,True,False
ISIC_0027627,ISIC_0029570,HAM_0006244,HAM_0002130,nv,mel,rosendahl,rosendahl,images/ISIC_0027627.jpg,images/ISIC_0029570.jpg,6,False,True,True,False
ISIC_0027627,ISIC_0030079,HAM_0006244,HAM_0003241,nv,nv,rosendahl,rosendahl,images/ISIC_0027627.jpg,images/ISIC_0030079.jpg,6,False,True,False,False
ISIC_0027627,ISIC_0030251,HAM_0006244,HAM_0001989,nv,nv,rosendahl,rosendahl,images/ISIC_0027627.jpg,images/ISIC_0030251.jpg,6,False,True,False,False
ISIC_0027627,ISIC_0030663,HAM_0006244,HAM_0006104,nv,nv,rosendahl,rosendahl,images/ISIC_0027627.jpg,images/ISIC_0030663.jpg,6,False,True,False,False
ISIC_0027627,ISIC_0031451,HAM_0006244,HAM_0006401,nv,nv,rosendahl,rosendahl,images/ISIC_0027627.jpg,images/ISIC_0031451.jpg,6,False,True,False,False
ISIC_0027627,ISIC_0031932,HAM_0006244,HAM_0004291,nv,nv,rosendahl,rosendahl,images/ISIC_0027627.jpg,images/ISIC_0031932.jpg,6,False,True,False,False
ISIC_0027627,ISIC_0031933,HAM_0006244,HAM_0001455,nv,nv,rosendahl,rosendahl,images/ISIC_0027627.jpg,images/ISIC_0031933.jpg,6,False,True,False,False
ISIC_0027627,ISIC_0032471,HAM_0006244,HAM_0003932,nv,nv,rosendahl,rosendahl,images/ISIC_0027627.jpg,images/ISIC_0032471.jpg,6,False,True,False,False
ISIC_0027634,ISIC_0027785,HAM_0005725,HAM_0006259,nv,nv,vidir_molemax,vidir_molemax,images/ISIC_0027634.jpg,images/ISIC_0027785.jpg,6,False,True,False,False
ISIC_0027634,ISIC_0032293,HAM_0005725,HAM_0000123,nv,nv,vidir_molemax,vidir_molemax,images/ISIC_0027634.jpg,images/ISIC_0032293.jpg,6,False,True,False,False
ISIC_0027634,ISIC_0033837,HAM_0005725,HAM_0000402,nv,nv,vidir_molemax,vidir_modern,images/ISIC_0027634.jpg,images/ISIC_0033837.jpg,6,False,True,False,True
ISIC_0027636,ISIC_0027994,HAM_0001109,HAM_0007525,nv,nv,vidir_molemax,vidir_molemax,images/ISIC_0027636.jpg,images/ISIC_0027994.jpg,6,False,True,False,False
ISIC_0027665,ISIC_0028760,HAM_0001860,HAM_0006088,vasc,mel,vidir_molemax,vidir_molemax,images/ISIC_0027665.jpg,images/ISIC_0028760.jpg,6,False,True,True,False
ISIC_0027666,ISIC_0030262,HAM_0001856,HAM_0006474,nv,nv,vidir_molemax,vidir_molemax,images/ISIC_0027666.jpg,images/ISIC_0030262.jpg,6,False,True,False,False
ISIC_0027682,ISIC_0028342,HAM_0002550,HAM_0006008,nv,nv,vidir_molemax,vidir_molemax,images/ISIC_0027682.jpg,images/ISIC_0028342.jpg,6,False,True,False,False
ISIC_0027685,ISIC_0029294,HAM_0005120,HAM_0003564,nv,nv,vidir_molemax,vidir_molemax,images/ISIC_0027685.jpg,images/ISIC_0029294.jpg,6,False,True,False,False
ISIC_0027685,ISIC_0029636,HAM_0005120,HAM_0001220,nv,nv,vidir_molemax,vidir_modern,images/ISIC_0027685.jpg,images/ISIC_0029636.jpg,6,False,True,False,True
ISIC_0027685,ISIC_0029699,HAM_0005120,HAM_0005241,nv,nv,vidir_molemax,vidir_molemax,images/ISIC_0027685.jpg,images/ISIC_0029699.jpg,6,False,True,False,False
ISIC_0027685,ISIC_0031273,HAM_0005120,HAM_0006687,nv,nv,vidir_molemax,vidir_molemax,images/ISIC_0027685.jpg,images/ISIC_0031273.jpg,6,False,True,False,False
ISIC_0027685,ISIC_0031731,HAM_0005120,HAM_0005355,nv,nv,vidir_molemax,vidir_molemax,images/ISIC_0027685.jpg,images/ISIC_0031731.jpg,6,False,True,False,False
ISIC_0027685,ISIC_0032336,HAM_0005120,HAM_0002460,nv,nv,vidir_molemax,vidir_molemax,images/ISIC_0027685.jpg,images/ISIC_0032336.jpg,6,False,True,False,False
ISIC_0027715,ISIC_0027821,HAM_0006126,HAM_0006126,nv,nv,vienna_dias,vienna_dias,images/ISIC_0027715.jpg,images/ISIC_0027821.jpg,6,True,False,False,False
ISIC_0027756,ISIC_0028963,HAM_0003305,HAM_0002423,nv,nv,rosendahl,rosendahl,images/ISIC_0027756.jpg,images/ISIC_0028963.jpg,6,False,True,False,False
ISIC_0027756,ISIC_0030061,HAM_0003305,HAM_0000836,nv,nv,rosendahl,rosendahl,images/ISIC_0027756.jpg,images/ISIC_0030061.jpg,6,False,True,False,False
ISIC_0027756,ISIC_0033852,HAM_0003305,HAM_0004708,nv,nv,rosendahl,vidir_modern,images/ISIC_0027756.jpg,images/ISIC_0033852.jpg,6,False,True,False,True
ISIC_0027766,ISIC_0030809,HAM_0001609,HAM_0001609,nv,nv,rosendahl,rosendahl,images/ISIC_0027766.jpg,images/ISIC_0030809.jpg,6,True,False,False,False
ISIC_0027772,ISIC_0029409,HAM_0002207,HAM_0003677,nv,nv,vidir_modern,vidir_modern,images/ISIC_0027772.jpg,images/ISIC_0029409.jpg,6,False,True,False,False
ISIC_0027797,ISIC_0028030,HAM_0000910,HAM_0007358,mel,nv,rosendahl,vienna_dias,images/ISIC_0027797.jpg,images/ISIC_0028030.jpg,6,False,True,True,True
ISIC_0027797,ISIC_0028139,HAM_0000910,HAM_0002429,mel,nv,rosendahl,rosendahl,images/ISIC_0027797.jpg,images/ISIC_0028139.jpg,6,False,True,True,False
ISIC_0027797,ISIC_0028504,HAM_0000910,HAM_0006910,mel,nv,rosendahl,rosendahl,images/ISIC_0027797.jpg,images/ISIC_0028504.jpg,6,False,True,True,False
ISIC_0027797,ISIC_0028963,HAM_0000910,HAM_0002423,mel,nv,rosendahl,rosendahl,images/ISIC_0027797.jpg,images/ISIC_0028963.jpg,6,False,True,True,False
ISIC_0027797,ISIC_0029313,HAM_0000910,HAM_0006041,mel,nv,rosendahl,vienna_dias,images/ISIC_0027797.jpg,images/ISIC_0029313.jpg,6,False,True,True,True
ISIC_0027797,ISIC_0029480,HAM_0000910,HAM_0004898,mel,mel,rosendahl,rosendahl,images/ISIC_0027797.jpg,images/ISIC_0029480.jpg,6,False,True,False,False
ISIC_0027797,ISIC_0030061,HAM_0000910,HAM_0000836,mel,nv,rosendahl,rosendahl,images/ISIC_0027797.jpg,images/ISIC_0030061.jpg,6,False,True,True,False
ISIC_0027797,ISIC_0030255,HAM_0000910,HAM_0002817,mel,mel,rosendahl,rosendahl,images/ISIC_0027797.jpg,images/ISIC_0030255.jpg,6,False,True,False,False
ISIC_0027797,ISIC_0030508,HAM_0000910,HAM_0006041,mel,nv,rosendahl,vienna_dias,images/ISIC_0027797.jpg,images/ISIC_0030508.jpg,6,False,True,True,True
ISIC_0027797,ISIC_0031042,HAM_0000910,HAM_0005994,mel,nv,rosendahl,rosendahl,images/ISIC_0027797.jpg,images/ISIC_0031042.jpg,6,False,True,True,False
ISIC_0027797,ISIC_0031451,HAM_0000910,HAM_0006401,mel,nv,rosendahl,rosendahl,images/ISIC_0027797.jpg,images/ISIC_0031451.jpg,6,False,True,True,False
ISIC_0027797,ISIC_0031838,HAM_0000910,HAM_0002517,mel,nv,rosendahl,rosendahl,images/ISIC_0027797.jpg,images/ISIC_0031838.jpg,6,False,True,True,False
ISIC_0027797,ISIC_0031932,HAM_0000910,HAM_0004291,mel,nv,rosendahl,rosendahl,images/ISIC_0027797.jpg,images/ISIC_0031932.jpg,6,False,True,True,False
ISIC_0027797,ISIC_0031950,HAM_0000910,HAM_0005158,mel,vasc,rosendahl,vienna_dias,images/ISIC_0027797.jpg,images/ISIC_0031950.jpg,6,False,True,True,True
ISIC_0027797,ISIC_0032471,HAM_0000910,HAM_0003932,mel,nv,rosendahl,rosendahl,images/ISIC_0027797.jpg,images/ISIC_0032471.jpg,6,False,True,True,False
ISIC_0027797,ISIC_0032475,HAM_0000910,HAM_0007448,mel,nv,rosendahl,vidir_modern,images/ISIC_0027797.jpg,images/ISIC_0032475.jpg,6,False,True,True,True
ISIC_0027797,ISIC_0032769,HAM_0000910,HAM_0004444,mel,nv,rosendahl,vidir_modern,images/ISIC_0027797.jpg,images/ISIC_0032769.jpg,6,False,True,True,True
ISIC_0027797,ISIC_0033237,HAM_0000910,HAM_0001040,mel,nv,rosendahl,vidir_modern,images/ISIC_0027797.jpg,images/ISIC_0033237.jpg,6,False,True,True,True
ISIC_0027804,ISIC_0030431,HAM_0005841,HAM_0005833,nv,nv,vidir_molemax,vidir_molemax,images/ISIC_0027804.jpg,images/ISIC_0030431.jpg,6,False,True,False,False
ISIC_0027804,ISIC_0032125,HAM_0005841,HAM_0003305,nv,nv,vidir_molemax,rosendahl,images/ISIC_0027804.jpg,images/ISIC_0032125.jpg,6,False,True,False,True
ISIC_0027804,ISIC_0033743,HAM_0005841,HAM_0001026,nv,nv,vidir_molemax,vidir_modern,images/ISIC_0027804.jpg,images/ISIC_0033743.jpg,6,False,True,False,True
ISIC_0027804,ISIC_0033799,HAM_0005841,HAM_0001912,nv,nv,vidir_molemax,vidir_modern,images/ISIC_0027804.jpg,images/ISIC_0033799.jpg,6,False,True,False,True
ISIC_0027804,ISIC_0034008,HAM_0005841,HAM_0006610,nv,nv,vidir_molemax,vidir_modern,images/ISIC_0027804.jpg,images/ISIC_0034008.jpg,6,False,True,False,True
ISIC_0027804,ISIC_0034244,HAM_0005841,HAM_0006121,nv,nv,vidir_molemax,vidir_modern,images/ISIC_0027804.jpg,images/ISIC_0034244.jpg,6,False,True,False,True
ISIC_0027819,ISIC_0030431,HAM_0004827,HAM_0005833,bcc,nv,rosendahl,vidir_molemax,images/ISIC_0027819.jpg,images/ISIC_0030431.jpg,6,False,True,True,True
ISIC_0027819,ISIC_0030556,HAM_0004827,HAM_0001771,bcc,nv,rosendahl,vidir_molemax,images/ISIC_0027819.jpg,images/ISIC_0030556.jpg,6,False,True,True,True
ISIC_0027819,ISIC_0033179,HAM_0004827,HAM_0002898,bcc,nv,rosendahl,vidir_modern,images/ISIC_0027819.jpg,images/ISIC_0033179.jpg,6,False,True,True,True
ISIC_0027819,ISIC_0033840,HAM_0004827,HAM_0004503,bcc,nv,rosendahl,vidir_modern,images/ISIC_0027819.jpg,images/ISIC_0033840.jpg,6,False,True,True,True
ISIC_0027819,ISIC_0034008,HAM_0004827,HAM_0006610,bcc,nv,rosendahl,vidir_modern,images/ISIC_0027819.jpg,images/ISIC_0034008.jpg,6,False,True,True,True
ISIC_0027819,ISIC_0034244,HAM_0004827,HAM_0006121,bcc,nv,rosendahl,vidir_modern,images/ISIC_0027819.jpg,images/ISIC_0034244.jpg,6,False,True,True,True
ISIC_0027836,ISIC_0028301,HAM_0002994,HAM_0005069,nv,nv,vidir_molemax,vidir_molemax,images/ISIC_0027836.jpg,images/ISIC_0028301.jpg,6,False,True,False,False
ISIC_0027836,ISIC_0033743,HAM_0002994,HAM_0001026,nv,nv,vidir_molemax,vidir_modern,images/ISIC_0027836.jpg,images/ISIC_0033743.jpg,6,False,True,False,True
ISIC_0027847,ISIC_0028477,HAM_0000249,HAM_0005531,nv,nv,vidir_modern,vidir_modern,images/ISIC_0027847.jpg,images/ISIC_0028477.jpg,6,False,True,False,False
ISIC_0027847,ISIC_0031855,HAM_0000249,HAM_0002843,nv,nv,vidir_modern,vidir_molemax,images/ISIC_0027847.jpg,images/ISIC_0031855.jpg,6,False,True,False,True
ISIC_0027873,ISIC_0028612,HAM_0006114,HAM_0002403,nv,nv,rosendahl,vidir_molemax,images/ISIC_0027873.jpg,images/ISIC_0028612.jpg,6,False,True,False,True
ISIC_0027873,ISIC_0029103,HAM_0006114,HAM_0004798,nv,nv,rosendahl,vidir_molemax,images/ISIC_0027873.jpg,images/ISIC_0029103.jpg,6,False,True,False,True
ISIC_0027877,ISIC_0032936,HAM_0007580,HAM_0002552,nv,mel,vidir_molemax,vidir_modern,images/ISIC_0027877.jpg,images/ISIC_0032936.jpg,6,False,True,True,True
ISIC_0027913,ISIC_0031435,HAM_0001564,HAM_0004747,nv,nv,vidir_molemax,vidir_modern,images/ISIC_0027913.jpg,images/ISIC_0031435.jpg,6,False,True,False,True
ISIC_0027913,ISIC_0032720,HAM_0001564,HAM_0006295,nv,nv,vidir_molemax,vidir_modern,images/ISIC_0027913.jpg,images/ISIC_0032720.jpg,6,False,True,False,True
ISIC_0027918,ISIC_0030304,HAM_0005844,HAM_0000493,nv,nv,vidir_molemax,vidir_molemax,images/ISIC_0027918.jpg,images/ISIC_0030304.jpg,6,False,True,False,False
ISIC_0027938,ISIC_0028841,HAM_0006885,HAM_0007143,nv,nv,vidir_molemax,vidir_molemax,images/ISIC_0027938.jpg,images/ISIC_0028841.jpg,6,False,True,False,False
ISIC_0027938,ISIC_0029699,HAM_0006885,HAM_0005241,nv,nv,vidir_molemax,vidir_molemax,images/ISIC_0027938.jpg,images/ISIC_0029699.jpg,6,False,True,False,False
ISIC_0027940,ISIC_0029636,HAM_0003436,HAM_0001220,nv,nv,vidir_molemax,vidir_modern,images/ISIC_0027940.jpg,images/ISIC_0029636.jpg,6,False,True,False,True
ISIC_0027940,ISIC_0029699,HAM_0003436,HAM_0005241,nv,nv,vidir_molemax,vidir_molemax,images/ISIC_0027940.jpg,images/ISIC_0029699.jpg,6,False,True,False,False
ISIC_0027940,ISIC_0030909,HAM_0003436,HAM_0000258,nv,nv,vidir_molemax,vidir_modern,images/ISIC_0027940.jpg,images/ISIC_0030909.jpg,6,False,True,False,True
ISIC_0027940,ISIC_0031731,HAM_0003436,HAM_0005355,nv,nv,vidir_molemax,vidir_molemax,images/ISIC_0027940.jpg,images/ISIC_0031731.jpg,6,False,True,False,False
ISIC_0027940,ISIC_0032336,HAM_0003436,HAM_0002460,nv,nv,vidir_molemax,vidir_molemax,images/ISIC_0027940.jpg,images/ISIC_0032336.jpg,6,False,True,False,False
ISIC_0027940,ISIC_0034200,HAM_0003436,HAM_0004583,nv,nv,vidir_molemax,vidir_modern,images/ISIC_0027940.jpg,images/ISIC_0034200.jpg,6,False,True,False,True
ISIC_0027959,ISIC_0027999,HAM_0007083,HAM_0002295,nv,nv,rosendahl,rosendahl,images/ISIC_0027959.jpg,images/ISIC_0027999.jpg,6,False,True,False,False
ISIC_0027959,ISIC_0029636,HAM_0007083,HAM_0001220,nv,nv,rosendahl,vidir_modern,images/ISIC_0027959.jpg,images/ISIC_0029636.jpg,6,False,True,False,True
ISIC_0027959,ISIC_0031485,HAM_0007083,HAM_0004641,nv,bkl,rosendahl,vidir_modern,images/ISIC_0027959.jpg,images/ISIC_0031485.jpg,6,False,True,True,True
ISIC_0027959,ISIC_0031731,HAM_0007083,HAM_0005355,nv,nv,rosendahl,vidir_molemax,images/ISIC_0027959.jpg,images/ISIC_0031731.jpg,6,False,True,False,True
ISIC_0027959,ISIC_0032150,HAM_0007083,HAM_0000230,nv,nv,rosendahl,vidir_modern,images/ISIC_0027959.jpg,images/ISIC_0032150.jpg,6,False,True,False,True
ISIC_0027959,ISIC_0032157,HAM_0007083,HAM_0000353,nv,nv,rosendahl,rosendahl,images/ISIC_0027959.jpg,images/ISIC_0032157.jpg,6,False,True,False,False
ISIC_0027959,ISIC_0032720,HAM_0007083,HAM_0006295,nv,nv,rosendahl,vidir_modern,images/ISIC_0027959.jpg,images/ISIC_0032720.jpg,6,False,True,False,True
ISIC_0027993,ISIC_0029294,HAM_0004659,HAM_0003564,nv,nv,vidir_molemax,vidir_molemax,images/ISIC_0027993.jpg,images/ISIC_0029294.jpg,6,False,True,False,False
ISIC_0027993,ISIC_0029550,HAM_0004659,HAM_0002394,nv,nv,vidir_molemax,vidir_molemax,images/ISIC_0027993.jpg,images/ISIC_0029550.jpg,6,False,True,False,False
ISIC_0027993,ISIC_0029699,HAM_0004659,HAM_0005241,nv,nv,vidir_molemax,vidir_molemax,images/ISIC_0027993.jpg,images/ISIC_0029699.jpg,6,False,True,False,False
ISIC_0027993,ISIC_0031273,HAM_0004659,HAM_0006687,nv,nv,vidir_molemax,vidir_molemax,images/ISIC_0027993.jpg,images/ISIC_0031273.jpg,6,False,True,False,False
ISIC_0027993,ISIC_0033152,HAM_0004659,HAM_0001135,nv,mel,vidir_molemax,vidir_modern,images/ISIC_0027993.jpg,images/ISIC_0033152.jpg,6,False,True,True,True
ISIC_0027994,ISIC_0029205,HAM_0007525,HAM_0002247,nv,nv,vidir_molemax,vidir_molemax,images/ISIC_0027994.jpg,images/ISIC_0029205.jpg,6,False,True,False,False
ISIC_0027999,ISIC_0029636,HAM_0002295,HAM_0001220,nv,nv,rosendahl,vidir_modern,images/ISIC_0027999.jpg,images/ISIC_0029636.jpg,6,False,True,False,True
ISIC_0027999,ISIC_0030657,HAM_0002295,HAM_0005639,nv,nv,rosendahl,vidir_molemax,images/ISIC_0027999.jpg,images/ISIC_0030657.jpg,6,False,True,False,True
ISIC_0027999,ISIC_0030859,HAM_0002295,HAM_0006822,nv,nv,rosendahl,vidir_modern,images/ISIC_0027999.jpg,images/ISIC_0030859.jpg,6,False,True,False,True
ISIC_0027999,ISIC_0031273,HAM_0002295,HAM_0006687,nv,nv,rosendahl,vidir_molemax,images/ISIC_0027999.jpg,images/ISIC_0031273.jpg,6,False,True,False,True
ISIC_0027999,ISIC_0031435,HAM_0002295,HAM_0004747,nv,nv,rosendahl,vidir_modern,images/ISIC_0027999.jpg,images/ISIC_0031435.jpg,6,False,True,False,True
ISIC_0027999,ISIC_0031731,HAM_0002295,HAM_0005355,nv,nv,rosendahl,vidir_molemax,images/ISIC_0027999.jpg,images/ISIC_0031731.jpg,6,False,True,False,True
ISIC_0027999,ISIC_0032336,HAM_0002295,HAM_0002460,nv,nv,rosendahl,vidir_molemax,images/ISIC_0027999.jpg,images/ISIC_0032336.jpg,6,False,True,False,True
ISIC_0027999,ISIC_0032720,HAM_0002295,HAM_0006295,nv,nv,rosendahl,vidir_modern,images/ISIC_0027999.jpg,images/ISIC_0032720.jpg,6,False,True,False,True
ISIC_0028000,ISIC_0032237,HAM_0001496,HAM_0003370,nv,nv,vidir_molemax,vidir_molemax,images/ISIC_0028000.jpg,images/ISIC_0032237.jpg,6,False,True,False,False
ISIC_0028001,ISIC_0032204,HAM_0005778,HAM_0005789,nv,mel,vidir_molemax,rosendahl,images/ISIC_0028001.jpg,images/ISIC_0032204.jpg,6,False,True,True,True
ISIC_0028023,ISIC_0028151,HAM_0002025,HAM_0000764,nv,nv,rosendahl,rosendahl,images/ISIC_0028023.jpg,images/ISIC_0028151.jpg,6,False,True,False,False
ISIC_0028030,ISIC_0030251,HAM_0007358,HAM_0001989,nv,nv,vienna_dias,rosendahl,images/ISIC_0028030.jpg,images/ISIC_0030251.jpg,6,False,True,False,True
ISIC_0028030,ISIC_0030508,HAM_0007358,HAM_0006041,nv,nv,vienna_dias,vienna_dias,images/ISIC_0028030.jpg,images/ISIC_0030508.jpg,6,False,True,False,False
ISIC_0028030,ISIC_0031042,HAM_0007358,HAM_0005994,nv,nv,vienna_dias,rosendahl,images/ISIC_0028030.jpg,images/ISIC_0031042.jpg,6,False,True,False,True
ISIC_0028030,ISIC_0031933,HAM_0007358,HAM_0001455,nv,nv,vienna_dias,rosendahl,images/ISIC_0028030.jpg,images/ISIC_0031933.jpg,6,False,True,False,True
ISIC_0028030,ISIC_0031950,HAM_0007358,HAM_0005158,nv,vasc,vienna_dias,vienna_dias,images/ISIC_0028030.jpg,images/ISIC_0031950.jpg,6,False,True,True,False
ISIC_0028030,ISIC_0032195,HAM_0007358,HAM_0007075,nv,nv,vienna_dias,rosendahl,images/ISIC_0028030.jpg,images/ISIC_0032195.jpg,6,False,True,False,True
ISIC_0028032,ISIC_0028131,HAM_0003058,HAM_0003790,nv,nv,rosendahl,rosendahl,images/ISIC_0028032.jpg,images/ISIC_0028131.jpg,6,False,True,False,False
ISIC_0028032,ISIC_0031802,HAM_0003058,HAM_0003836,nv,nv,rosendahl,rosendahl,images/ISIC_0028032.jpg,images/ISIC_0031802.jpg,6,False,True,False,False
ISIC_0028042,ISIC_0029756,HAM_0003579,HAM_0003221,nv,nv,vidir_modern,vidir_modern,images/ISIC_0028042.jpg,images/ISIC_0029756.jpg,6,False,True,False,False
ISIC_0028042,ISIC_0032612,HAM_0003579,HAM_0000402,nv,nv,vidir_modern,vidir_modern,images/ISIC_0028042.jpg,images/ISIC_0032612.jpg,6,False,True,False,False
ISIC_0028042,ISIC_0033846,HAM_0003579,HAM_0006516,nv,nv,vidir_modern,vidir_modern,images/ISIC_0028042.jpg,images/ISIC_0033846.jpg,6,False,True,False,False
ISIC_0028047,ISIC_0028762,HAM_0002621,HAM_0001080,nv,nv,vidir_molemax,vidir_molemax,images/ISIC_0028047.jpg,images/ISIC_0028762.jpg,6,False,True,False,False
ISIC_0028047,ISIC_0029636,HAM_0002621,HAM_0001220,nv,nv,vidir_molemax,vidir_modern,images/ISIC_0028047.jpg,images/ISIC_0029636.jpg,6,False,True,False,True
ISIC_0028047,ISIC_0031435,HAM_0002621,HAM_0004747,nv,nv,vidir_molemax,vidir_modern,images/ISIC_0028047.jpg,images/ISIC_0031435.jpg,6,False,True,False,True
ISIC_0028047,ISIC_0032720,HAM_0002621,HAM_0006295,nv,nv,vidir_molemax,vidir_modern,images/ISIC_0028047.jpg,images/ISIC_0032720.jpg,6,False,True,False,True
ISIC_0028057,ISIC_0031502,HAM_0001830,HAM_0001830,nv,nv,vienna_dias,vienna_dias,images/ISIC_0028057.jpg,images/ISIC_0031502.jpg,6,True,False,False,False
ISIC_0028060,ISIC_0033961,HAM_0005421,HAM_0003884,nv,nv,vienna_dias,vidir_modern,images/ISIC_0028060.jpg,images/ISIC_0033961.jpg,6,False,True,False,True
ISIC_0028067,ISIC_0031302,HAM_0002768,HAM_0001846,nv,nv,vidir_modern,rosendahl,images/ISIC_0028067.jpg,images/ISIC_0031302.jpg,6,False,True,False,True
ISIC_0028070,ISIC_0031532,HAM_0000989,HAM_0004247,nv,nv,vidir_molemax,vidir_molemax,images/ISIC_0028070.jpg,images/ISIC_0031532.jpg,6,False,True,False,False
ISIC_0028109,ISIC_0030890,HAM_0000814,HAM_0000406,mel,nv,vidir_modern,vidir_modern,images/ISIC_0028109.jpg,images/ISIC_0030890.jpg,6,False,True,True,False
ISIC_0028110,ISIC_0029292,HAM_0002803,HAM_0004295,nv,nv,vidir_modern,vidir_molemax,images/ISIC_0028110.jpg,images/ISIC_0029292.jpg,6,False,True,False,True
ISIC_0028110,ISIC_0032664,HAM_0002803,HAM_0000294,nv,nv,vidir_modern,vidir_modern,images/ISIC_0028110.jpg,images/ISIC_0032664.jpg,6,False,True,False,False
ISIC_0028131,ISIC_0028504,HAM_0003790,HAM_0006910,nv,nv,rosendahl,rosendahl,images/ISIC_0028131.jpg,images/ISIC_0028504.jpg,6,False,True,False,False
ISIC_0028131,ISIC_0028673,HAM_0003790,HAM_0004553,nv,nv,rosendahl,rosendahl,images/ISIC_0028131.jpg,images/ISIC_0028673.jpg,6,False,True,False,False
ISIC_0028132,ISIC_0029362,HAM_0005413,HAM_0005413,akiec,akiec,rosendahl,rosendahl,images/ISIC_0028132.jpg,images/ISIC_0029362.jpg,6,True,False,False,False
ISIC_0028135,ISIC_0029416,HAM_0002944,HAM_0005455,nv,nv,rosendahl,vidir_molemax,images/ISIC_0028135.jpg,images/ISIC_0029416.jpg,6,False,True,False,True
ISIC_0028135,ISIC_0030657,HAM_0002944,HAM_0005639,nv,nv,rosendahl,vidir_molemax,images/ISIC_0028135.jpg,images/ISIC_0030657.jpg,6,False,True,False,True
ISIC_0028135,ISIC_0030859,HAM_0002944,HAM_0006822,nv,nv,rosendahl,vidir_modern,images/ISIC_0028135.jpg,images/ISIC_0030859.jpg,6,False,True,False,True
ISIC_0028135,ISIC_0032720,HAM_0002944,HAM_0006295,nv,nv,rosendahl,vidir_modern,images/ISIC_0028135.jpg,images/ISIC_0032720.jpg,6,False,True,False,True
ISIC_0028139,ISIC_0029665,HAM_0002429,HAM_0000347,nv,nv,rosendahl,rosendahl,images/ISIC_0028139.jpg,images/ISIC_0029665.jpg,6,False,True,False,False
ISIC_0028139,ISIC_0031838,HAM_0002429,HAM_0002517,nv,nv,rosendahl,rosendahl,images/ISIC_0028139.jpg,images/ISIC_0031838.jpg,6,False,True,False,False
ISIC_0028139,ISIC_0032195,HAM_0002429,HAM_0007075,nv,nv,rosendahl,rosendahl,images/ISIC_0028139.jpg,images/ISIC_0032195.jpg,6,False,True,False,False
ISIC_0028140,ISIC_0033109,HAM_0002814,HAM_0002519,nv,nv,vidir_molemax,vidir_modern,images/ISIC_0028140.jpg,images/ISIC_0033109.jpg,6,False,True,False,True
ISIC_0028145,ISIC_0034112,HAM_0003175,HAM_0000579,nv,nv,vidir_modern,vidir_modern,images/ISIC_0028145.jpg,images/ISIC_0034112.jpg,6,False,True,False,False
ISIC_0028149,ISIC_0028724,HAM_0004650,HAM_0006450,nv,nv,vidir_molemax,vidir_molemax,images/ISIC_0028149.jpg,images/ISIC_0028724.jpg,6,False,True,False,False
ISIC_0028149,ISIC_0032336,HAM_0004650,HAM_0002460,nv,nv,vidir_molemax,vidir_molemax,images/ISIC_0028149.jpg,images/ISIC_0032336.jpg,6,False,True,False,False
ISIC_0028153,ISIC_0030304,HAM_0004294,HAM_0000493,nv,nv,vidir_molemax,vidir_molemax,images/ISIC_0028153.jpg,images/ISIC_0030304.jpg,6,False,True,False,False
ISIC_0028197,ISIC_0029831,HAM_0004711,HAM_0004711,bcc,bcc,rosendahl,rosendahl,images/ISIC_0028197.jpg,images/ISIC_0029831.jpg,6,True,False,False,False
ISIC_0028234,ISIC_0033639,HAM_0003618,HAM_0007265,nv,nv,vidir_molemax,vidir_modern,images/ISIC_0028234.jpg,images/ISIC_0033639.jpg,6,False,True,False,True
ISIC_0028249,ISIC_0032401,HAM_0002118,HAM_0001229,nv,nv,vidir_molemax,vidir_molemax,images/ISIC_0028249.jpg,images/ISIC_0032401.jpg,6,False,True,False,False
ISIC_0028263,ISIC_0031360,HAM_0000291,HAM_0000291,nv,nv,vienna_dias,vienna_dias,images/ISIC_0028263.jpg,images/ISIC_0031360.jpg,6,True,False,False,False
ISIC_0028290,ISIC_0029095,HAM_0000348,HAM_0006685,nv,nv,vienna_dias,rosendahl,images/ISIC_0028290.jpg,images/ISIC_0029095.jpg,6,False,True,False,True
ISIC_0028320,ISIC_0030740,HAM_0005577,HAM_0002319,nv,nv,vidir_molemax,rosendahl,images/ISIC_0028320.jpg,images/ISIC_0030740.jpg,6,False,True,False,True
ISIC_0028337,ISIC_0031683,HAM_0000546,HAM_0002579,nv,nv,vidir_molemax,vidir_molemax,images/ISIC_0028337.jpg,images/ISIC_0031683.jpg,6,False,True,False,False
ISIC_0028356,ISIC_0033912,HAM_0000175,HAM_0002874,nv,nv,vidir_molemax,vidir_modern,images/ISIC_0028356.jpg,images/ISIC_0033912.jpg,6,False,True,False,True
ISIC_0028367,ISIC_0033511,HAM_0003912,HAM_0006147,nv,nv,vidir_modern,vidir_modern,images/ISIC_0028367.jpg,images/ISIC_0033511.jpg,6,False,True,False,False
ISIC_0028371,ISIC_0032966,HAM_0007464,HAM_0004076,nv,nv,vidir_modern,vidir_modern,images/ISIC_0028371.jpg,images/ISIC_0032966.jpg,6,False,True,False,False
ISIC_0028375,ISIC_0031183,HAM_0006997,HAM_0002292,nv,nv,vidir_molemax,vidir_molemax,images/ISIC_0028375.jpg,images/ISIC_0031183.jpg,6,False,True,False,False
ISIC_0028403,ISIC_0028910,HAM_0003309,HAM_0006136,nv,nv,vidir_molemax,vidir_molemax,images/ISIC_0028403.jpg,images/ISIC_0028910.jpg,6,False,True,False,False
ISIC_0028403,ISIC_0031426,HAM_0003309,HAM_0006612,nv,nv,vidir_molemax,vidir_molemax,images/ISIC_0028403.jpg,images/ISIC_0031426.jpg,6,False,True,False,False
ISIC_0028409,ISIC_0030573,HAM_0005133,HAM_0003665,nv,nv,vidir_molemax,vidir_molemax,images/ISIC_0028409.jpg,images/ISIC_0030573.jpg,6,False,True,False,False
ISIC_0028414,ISIC_0031496,HAM_0001733,HAM_0001733,bkl,bkl,rosendahl,rosendahl,images/ISIC_0028414.jpg,images/ISIC_0031496.jpg,6,True,False,False,False
ISIC_0028467,ISIC_0031375,HAM_0004676,HAM_0000127,mel,nv,vidir_modern,vidir_molemax,images/ISIC_0028467.jpg,images/ISIC_0031375.jpg,6,False,True,True,True
ISIC_0028477,ISIC_0028869,HAM_0005531,HAM_0002283,nv,nv,vidir_modern,vidir_molemax,images/ISIC_0028477.jpg,images/ISIC_0028869.jpg,6,False,True,False,True
ISIC_0028477,ISIC_0030676,HAM_0005531,HAM_0005054,nv,nv,vidir_modern,vidir_molemax,images/ISIC_0028477.jpg,images/ISIC_0030676.jpg,6,False,True,False,True
ISIC_0028504,ISIC_0028673,HAM_0006910,HAM_0004553,nv,nv,rosendahl,rosendahl,images/ISIC_0028504.jpg,images/ISIC_0028673.jpg,6,False,True,False,False
ISIC_0028504,ISIC_0030251,HAM_0006910,HAM_0001989,nv,nv,rosendahl,rosendahl,images/ISIC_0028504.jpg,images/ISIC_0030251.jpg,6,False,True,False,False
ISIC_0028504,ISIC_0031933,HAM_0006910,HAM_0001455,nv,nv,rosendahl,rosendahl,images/ISIC_0028504.jpg,images/ISIC_0031933.jpg,6,False,True,False,False
ISIC_0028504,ISIC_0032228,HAM_0006910,HAM_0003984,nv,nv,rosendahl,vidir_molemax,images/ISIC_0028504.jpg,images/ISIC_0032228.jpg,6,False,True,False,True
ISIC_0028504,ISIC_0033561,HAM_0006910,HAM_0004708,nv,nv,rosendahl,vidir_modern,images/ISIC_0028504.jpg,images/ISIC_0033561.jpg,6,False,True,False,True
ISIC_0028504,ISIC_0033598,HAM_0006910,HAM_0005496,nv,nv,rosendahl,vidir_modern,images/ISIC_0028504.jpg,images/ISIC_0033598.jpg,6,False,True,False,True
ISIC_0028515,ISIC_0032386,HAM_0006463,HAM_0000310,nv,nv,vidir_molemax,vidir_molemax,images/ISIC_0028515.jpg,images/ISIC_0032386.jpg,6,False,True,False,False
ISIC_0028521,ISIC_0028768,HAM_0002446,HAM_0000148,nv,nv,vidir_molemax,vidir_molemax,images/ISIC_0028521.jpg,images/ISIC_0028768.jpg,6,False,True,False,False
ISIC_0028598,ISIC_0032041,HAM_0006633,HAM_0000103,nv,nv,rosendahl,vidir_molemax,images/ISIC_0028598.jpg,images/ISIC_0032041.jpg,6,False,True,False,True
ISIC_0028610,ISIC_0031360,HAM_0000291,HAM_0000291,nv,nv,vienna_dias,vienna_dias,images/ISIC_0028610.jpg,images/ISIC_0031360.jpg,6,True,False,False,False
ISIC_0028629,ISIC_0032010,HAM_0001003,HAM_0000445,nv,nv,vidir_molemax,vidir_molemax,images/ISIC_0028629.jpg,images/ISIC_0032010.jpg,6,False,True,False,False
ISIC_0028629,ISIC_0032354,HAM_0001003,HAM_0001714,nv,nv,vidir_molemax,vidir_molemax,images/ISIC_0028629.jpg,images/ISIC_0032354.jpg,6,False,True,False,False
ISIC_0028645,ISIC_0029382,HAM_0000275,HAM_0000275,nv,nv,vienna_dias,vienna_dias,images/ISIC_0028645.jpg,images/ISIC_0029382.jpg,6,True,False,False,False
ISIC_0028673,ISIC_0031802,HAM_0004553,HAM_0003836,nv,nv,rosendahl,rosendahl,images/ISIC_0028673.jpg,images/ISIC_0031802.jpg,6,False,True,False,False
ISIC_0028673,ISIC_0031933,HAM_0004553,HAM_0001455,nv,nv,rosendahl,rosendahl,images/ISIC_0028673.jpg,images/ISIC_0031933.jpg,6,False,True,False,False
ISIC_0028675,ISIC_0030139,HAM_0001799,HAM_0003653,nv,nv,rosendahl,vidir_modern,images/ISIC_0028675.jpg,images/ISIC_0030139.jpg,6,False,True,False,True
ISIC_0028719,ISIC_0032867,HAM_0004365,HAM_0004776,bcc,vasc,rosendahl,vidir_modern,images/ISIC_0028719.jpg,images/ISIC_0032867.jpg,6,False,True,True,True
ISIC_0028724,ISIC_0029699,HAM_0006450,HAM_0005241,nv,nv,vidir_molemax,vidir_molemax,images/ISIC_0028724.jpg,images/ISIC_0029699.jpg,6,False,True,False,False
ISIC_0028724,ISIC_0031485,HAM_0006450,HAM_0004641,nv,bkl,vidir_molemax,vidir_modern,images/ISIC_0028724.jpg,images/ISIC_0031485.jpg,6,False,True,True,True
ISIC_0028724,ISIC_0032336,HAM_0006450,HAM_0002460,nv,nv,vidir_molemax,vidir_molemax,images/ISIC_0028724.jpg,images/ISIC_0032336.jpg,6,False,True,False,False
ISIC_0028724,ISIC_0033152,HAM_0006450,HAM_0001135,nv,mel,vidir_molemax,vidir_modern,images/ISIC_0028724.jpg,images/ISIC_0033152.jpg,6,False,True,True,True
ISIC_0028738,ISIC_0031197,HAM_0004576,HAM_0006889,nv,vasc,vidir_molemax,vidir_modern,images/ISIC_0028738.jpg,images/ISIC_0031197.jpg,6,False,True,True,True
ISIC_0028743,ISIC_0030657,HAM_0001075,HAM_0005639,nv,nv,vidir_molemax,vidir_molemax,images/ISIC_0028743.jpg,images/ISIC_0030657.jpg,6,False,True,False,False
ISIC_0028743,ISIC_0031574,HAM_0001075,HAM_0005928,nv,nv,vidir_molemax,vidir_molemax,images/ISIC_0028743.jpg,images/ISIC_0031574.jpg,6,False,True,False,False
ISIC_0028743,ISIC_0033897,HAM_0001075,HAM_0000855,nv,nv,vidir_molemax,vidir_modern,images/ISIC_0028743.jpg,images/ISIC_0033897.jpg,6,False,True,False,True
ISIC_0028744,ISIC_0032769,HAM_0002515,HAM_0004444,nv,nv,rosendahl,vidir_modern,images/ISIC_0028744.jpg,images/ISIC_0032769.jpg,6,False,True,False,True
ISIC_0028760,ISIC_0030556,HAM_0006088,HAM_0001771,mel,nv,vidir_molemax,vidir_molemax,images/ISIC_0028760.jpg,images/ISIC_0030556.jpg,6,False,True,True,False
ISIC_0028762,ISIC_0033897,HAM_0001080,HAM_0000855,nv,nv,vidir_molemax,vidir_modern,images/ISIC_0028762.jpg,images/ISIC_0033897.jpg,6,False,True,False,True
ISIC_0028768,ISIC_0029385,HAM_0000148,HAM_0005187,nv,nv,vidir_molemax,vidir_molemax,images/ISIC_0028768.jpg,images/ISIC_0029385.jpg,6,False,True,False,False
ISIC_0028768,ISIC_0029834,HAM_0000148,HAM_0004454,nv,nv,vidir_molemax,vidir_molemax,images/ISIC_0028768.jpg,images/ISIC_0029834.jpg,6,False,True,False,False
ISIC_0028768,ISIC_0030513,HAM_0000148,HAM_0006060,nv,nv,vidir_molemax,vidir_molemax,images/ISIC_0028768.jpg,images/ISIC_0030513.jpg,6,False,True,False,False
ISIC_0028794,ISIC_0030453,HAM_0006606,HAM_0003116,nv,nv,vidir_molemax,vidir_molemax,images/ISIC_0028794.jpg,images/ISIC_0030453.jpg,6,False,True,False,False
ISIC_0028796,ISIC_0032494,HAM_0002420,HAM_0004226,nv,nv,vidir_molemax,vidir_modern,images/ISIC_0028796.jpg,images/ISIC_0032494.jpg,6,False,True,False,True
ISIC_0028809,ISIC_0028963,HAM_0004991,HAM_0002423,nv,nv,rosendahl,rosendahl,images/ISIC_0028809.jpg,images/ISIC_0028963.jpg,6,False,True,False,False
ISIC_0028835,ISIC_0030529,HAM_0000820,HAM_0001459,nv,nv,vidir_molemax,vidir_molemax,images/ISIC_0028835.jpg,images/ISIC_0030529.jpg,6,False,True,False,False
ISIC_0028841,ISIC_0029294,HAM_0007143,HAM_0003564,nv,nv,vidir_molemax,vidir_molemax,images/ISIC_0028841.jpg,images/ISIC_0029294.jpg,6,False,True,False,False
ISIC_0028841,ISIC_0029636,HAM_0007143,HAM_0001220,nv,nv,vidir_molemax,vidir_modern,images/ISIC_0028841.jpg,images/ISIC_0029636.jpg,6,False,True,False,True
ISIC_0028853,ISIC_0031004,HAM_0001047,HAM_0001408,nv,nv,vidir_molemax,vidir_molemax,images/ISIC_0028853.jpg,images/ISIC_0031004.jpg,6,False,True,False,False
ISIC_0028869,ISIC_0029650,HAM_0002283,HAM_0001329,nv,nv,vidir_molemax,vidir_modern,images/ISIC_0028869.jpg,images/ISIC_0029650.jpg,6,False,True,False,True
ISIC_0028869,ISIC_0032341,HAM_0002283,HAM_0003221,nv,nv,vidir_molemax,vidir_modern,images/ISIC_0028869.jpg,images/ISIC_0032341.jpg,6,False,True,False,True
ISIC_0028869,ISIC_0033763,HAM_0002283,HAM_0001218,nv,nv,vidir_molemax,vidir_modern,images/ISIC_0028869.jpg,images/ISIC_0033763.jpg,6,False,True,False,True
ISIC_0028869,ISIC_0034128,HAM_0002283,HAM_0004226,nv,nv,vidir_molemax,vidir_modern,images/ISIC_0028869.jpg,images/ISIC_0034128.jpg,6,False,True,False,True
ISIC_0028918,ISIC_0030304,HAM_0001141,HAM_0000493,nv,nv,vidir_modern,vidir_molemax,images/ISIC_0028918.jpg,images/ISIC_0030304.jpg,6,False,True,False,True
ISIC_0028924,ISIC_0030431,HAM_0001149,HAM_0005833,nv,nv,vidir_molemax,vidir_molemax,images/ISIC_0028924.jpg,images/ISIC_0030431.jpg,6,False,True,False,False
ISIC_0028946,ISIC_0030513,HAM_0003109,HAM_0006060,nv,nv,vidir_molemax,vidir_molemax,images/ISIC_0028946.jpg,images/ISIC_0030513.jpg,6,False,True,False,False
ISIC_0028946,ISIC_0032851,HAM_0003109,HAM_0001908,nv,nv,vidir_molemax,vidir_modern,images/ISIC_0028946.jpg,images/ISIC_0032851.jpg,6,False,True,False,True
ISIC_0028951,ISIC_0028963,HAM_0007116,HAM_0002423,nv,nv,rosendahl,rosendahl,images/ISIC_0028951.jpg,images/ISIC_0028963.jpg,6,False,True,False,False
ISIC_0028951,ISIC_0031838,HAM_0007116,HAM_0002517,nv,nv,rosendahl,rosendahl,images/ISIC_0028951.jpg,images/ISIC_0031838.jpg,6,False,True,False,False
ISIC_0028963,ISIC_0029026,HAM_0002423,HAM_0002905,nv,nv,rosendahl,rosendahl,images/ISIC_0028963.jpg,images/ISIC_0029026.jpg,6,False,True,False,False
ISIC_0028963,ISIC_0029328,HAM_0002423,HAM_0001169,nv,nv,rosendahl,vidir_modern,images/ISIC_0028963.jpg,images/ISIC_0029328.jpg,6,False,True,False,True
ISIC_0028963,ISIC_0029480,HAM_0002423,HAM_0004898,nv,mel,rosendahl,rosendahl,images/ISIC_0028963.jpg,images/ISIC_0029480.jpg,6,False,True,True,False
ISIC_0028963,ISIC_0029665,HAM_0002423,HAM_0000347,nv,nv,rosendahl,rosendahl,images/ISIC_0028963.jpg,images/ISIC_0029665.jpg,6,False,True,False,False
ISIC_0028963,ISIC_0030061,HAM_0002423,HAM_0000836,nv,nv,rosendahl,rosendahl,images/ISIC_0028963.jpg,images/ISIC_0030061.jpg,6,False,True,False,False
ISIC_0028963,ISIC_0031064,HAM_0002423,HAM_0000798,nv,nv,rosendahl,rosendahl,images/ISIC_0028963.jpg,images/ISIC_0031064.jpg,6,False,True,False,False
ISIC_0028963,ISIC_0031451,HAM_0002423,HAM_0006401,nv,nv,rosendahl,rosendahl,images/ISIC_0028963.jpg,images/ISIC_0031451.jpg,6,False,True,False,False
ISIC_0028963,ISIC_0031932,HAM_0002423,HAM_0004291,nv,nv,rosendahl,rosendahl,images/ISIC_0028963.jpg,images/ISIC_0031932.jpg,6,False,True,False,False
ISIC_0028963,ISIC_0032228,HAM_0002423,HAM_0003984,nv,nv,rosendahl,vidir_molemax,images/ISIC_0028963.jpg,images/ISIC_0032228.jpg,6,False,True,False,True
ISIC_0028963,ISIC_0032475,HAM_0002423,HAM_0007448,nv,nv,rosendahl,vidir_modern,images/ISIC_0028963.jpg,images/ISIC_0032475.jpg,6,False,True,False,True
ISIC_0028963,ISIC_0033561,HAM_0002423,HAM_0004708,nv,nv,rosendahl,vidir_modern,images/ISIC_0028963.jpg,images/ISIC_0033561.jpg,6,False,True,False,True
ISIC_0028963,ISIC_0033598,HAM_0002423,HAM_0005496,nv,nv,rosendahl,vidir_modern,images/ISIC_0028963.jpg,images/ISIC_0033598.jpg,6,False,True,False,True
ISIC_0028963,ISIC_0034206,HAM_0002423,HAM_0001133,nv,nv,rosendahl,vidir_modern,images/ISIC_0028963.jpg,images/ISIC_0034206.jpg,6,False,True,False,True
ISIC_0029026,ISIC_0029975,HAM_0002905,HAM_0005994,nv,nv,rosendahl,rosendahl,images/ISIC_0029026.jpg,images/ISIC_0029975.jpg,6,False,True,False,False
ISIC_0029026,ISIC_0031813,HAM_0002905,HAM_0003987,nv,nv,rosendahl,rosendahl,images/ISIC_0029026.jpg,images/ISIC_0031813.jpg,6,False,True,False,False
ISIC_0029026,ISIC_0031838,HAM_0002905,HAM_0002517,nv,nv,rosendahl,rosendahl,images/ISIC_0029026.jpg,images/ISIC_0031838.jpg,6,False,True,False,False
ISIC_0029026,ISIC_0034206,HAM_0002905,HAM_0001133,nv,nv,rosendahl,vidir_modern,images/ISIC_0029026.jpg,images/ISIC_0034206.jpg,6,False,True,False,True
ISIC_0029033,ISIC_0034285,HAM_0002719,HAM_0001673,mel,nv,rosendahl,vidir_modern,images/ISIC_0029033.jpg,images/ISIC_0034285.jpg,6,False,True,True,True
ISIC_0029055,ISIC_0029498,HAM_0002296,HAM_0001356,nv,nv,vidir_modern,vidir_modern,images/ISIC_0029055.jpg,images/ISIC_0029498.jpg,6,False,True,False,False
ISIC_0029072,ISIC_0033244,HAM_0004380,HAM_0000970,nv,nv,vidir_modern,vidir_modern,images/ISIC_0029072.jpg,images/ISIC_0033244.jpg,6,False,True,False,False
ISIC_0029078,ISIC_0030102,HAM_0004808,HAM_0005449,nv,nv,vidir_molemax,vidir_molemax,images/ISIC_0029078.jpg,images/ISIC_0030102.jpg,6,False,True,False,False
ISIC_0029123,ISIC_0030782,HAM_0000451,HAM_0000451,bcc,bcc,rosendahl,rosendahl,images/ISIC_0029123.jpg,images/ISIC_0030782.jpg,6,True,False,False,False
ISIC_0029141,ISIC_0031293,HAM_0004592,HAM_0004418,akiec,nv,rosendahl,vidir_modern,images/ISIC_0029141.jpg,images/ISIC_0031293.jpg,6,False,True,True,True
ISIC_0029215,ISIC_0030179,HAM_0001507,HAM_0001507,nv,nv,vienna_dias,vienna_dias,images/ISIC_0029215.jpg,images/ISIC_0030179.jpg,6,True,False,False,False
ISIC_0029259,ISIC_0033279,HAM_0003132,HAM_0006802,nv,mel,vidir_molemax,vidir_modern,images/ISIC_0029259.jpg,images/ISIC_0033279.jpg,6,False,True,True,True
ISIC_0029259,ISIC_0033373,HAM_0003132,HAM_0004176,nv,nv,vidir_molemax,vidir_modern,images/ISIC_0029259.jpg,images/ISIC_0033373.jpg,6,False,True,False,True
ISIC_0029269,ISIC_0031508,HAM_0002470,HAM_0003453,nv,nv,vienna_dias,vidir_molemax,images/ISIC_0029269.jpg,images/ISIC_0031508.jpg,6,False,True,False,True
ISIC_0029289,ISIC_0029294,HAM_0001469,HAM_0003564,bkl,nv,vidir_modern,vidir_molemax,images/ISIC_0029289.jpg,images/ISIC_0029294.jpg,6,False,True,True,True
ISIC_0029289,ISIC_0029636,HAM_0001469,HAM_0001220,bkl,nv,vidir_modern,vidir_modern,images/ISIC_0029289.jpg,images/ISIC_0029636.jpg,6,False,True,True,False
ISIC_0029289,ISIC_0029699,HAM_0001469,HAM_0005241,bkl,nv,vidir_modern,vidir_molemax,images/ISIC_0029289.jpg,images/ISIC_0029699.jpg,6,False,True,True,True
ISIC_0029289,ISIC_0030171,HAM_0001469,HAM_0006253,bkl,mel,vidir_modern,vidir_modern,images/ISIC_0029289.jpg,images/ISIC_0030171.jpg,6,False,True,True,False
ISIC_0029289,ISIC_0031435,HAM_0001469,HAM_0004747,bkl,nv,vidir_modern,vidir_modern,images/ISIC_0029289.jpg,images/ISIC_0031435.jpg,6,False,True,True,False
ISIC_0029289,ISIC_0031485,HAM_0001469,HAM_0004641,bkl,bkl,vidir_modern,vidir_modern,images/ISIC_0029289.jpg,images/ISIC_0031485.jpg,6,False,True,False,False
ISIC_0029289,ISIC_0033244,HAM_0001469,HAM_0000970,bkl,nv,vidir_modern,vidir_modern,images/ISIC_0029289.jpg,images/ISIC_0033244.jpg,6,False,True,True,False
ISIC_0029292,ISIC_0029735,HAM_0004295,HAM_0002120,nv,nv,vidir_molemax,vidir_modern,images/ISIC_0029292.jpg,images/ISIC_0029735.jpg,6,False,True,False,True
ISIC_0029292,ISIC_0030198,HAM_0004295,HAM_0005695,nv,nv,vidir_molemax,rosendahl,images/ISIC_0029292.jpg,images/ISIC_0030198.jpg,6,False,True,False,True
ISIC_0029294,ISIC_0030909,HAM_0003564,HAM_0000258,nv,nv,vidir_molemax,vidir_modern,images/ISIC_0029294.jpg,images/ISIC_0030909.jpg,6,False,True,False,True
ISIC_0029294,ISIC_0031273,HAM_0003564,HAM_0006687,nv,nv,vidir_molemax,vidir_molemax,images/ISIC_0029294.jpg,images/ISIC_0031273.jpg,6,False,True,False,False
ISIC_0029294,ISIC_0033152,HAM_0003564,HAM_0001135,nv,mel,vidir_molemax,vidir_modern,images/ISIC_0029294.jpg,images/ISIC_0033152.jpg,6,False,True,True,True
ISIC_0029294,ISIC_0033759,HAM_0003564,HAM_0002923,nv,nv,vidir_molemax,vidir_modern,images/ISIC_0029294.jpg,images/ISIC_0033759.jpg,6,False,True,False,True
ISIC_0029294,ISIC_0034148,HAM_0003564,HAM_0004773,nv,nv,vidir_molemax,vidir_modern,images/ISIC_0029294.jpg,images/ISIC_0034148.jpg,6,False,True,False,True
ISIC_0029294,ISIC_0034200,HAM_0003564,HAM_0004583,nv,nv,vidir_molemax,vidir_modern,images/ISIC_0029294.jpg,images/ISIC_0034200.jpg,6,False,True,False,True
ISIC_0029310,ISIC_0032370,HAM_0006701,HAM_0003916,nv,nv,vidir_molemax,vidir_molemax,images/ISIC_0029310.jpg,images/ISIC_0032370.jpg,6,False,True,False,False
ISIC_0029313,ISIC_0032228,HAM_0006041,HAM_0003984,nv,nv,vienna_dias,vidir_molemax,images/ISIC_0029313.jpg,images/ISIC_0032228.jpg,6,False,True,False,True
ISIC_0029313,ISIC_0033561,HAM_0006041,HAM_0004708,nv,nv,vienna_dias,vidir_modern,images/ISIC_0029313.jpg,images/ISIC_0033561.jpg,6,False,True,False,True
ISIC_0029313,ISIC_0033598,HAM_0006041,HAM_0005496,nv,nv,vienna_dias,vidir_modern,images/ISIC_0029313.jpg,images/ISIC_0033598.jpg,6,False,True,False,True
ISIC_0029323,ISIC_0031171,HAM_0000872,HAM_0000872,bcc,bcc,rosendahl,rosendahl,images/ISIC_0029323.jpg,images/ISIC_0031171.jpg,6,True,False,False,False
ISIC_0029328,ISIC_0031064,HAM_0001169,HAM_0000798,nv,nv,vidir_modern,rosendahl,images/ISIC_0029328.jpg,images/ISIC_0031064.jpg,6,False,True,False,True
ISIC_0029328,ISIC_0031933,HAM_0001169,HAM_0001455,nv,nv,vidir_modern,rosendahl,images/ISIC_0029328.jpg,images/ISIC_0031933.jpg,6,False,True,False,True
ISIC_0029382,ISIC_0030093,HAM_0000275,HAM_0000275,nv,nv,vienna_dias,vienna_dias,images/ISIC_0029382.jpg,images/ISIC_0030093.jpg,6,True,False,False,False
ISIC_0029400,ISIC_0030424,HAM_0000369,HAM_0006452,nv,nv,vidir_molemax,vidir_molemax,images/ISIC_0029400.jpg,images/ISIC_0030424.jpg,6,False,True,False,False
ISIC_0029416,ISIC_0030657,HAM_0005455,HAM_0005639,nv,nv,vidir_molemax,vidir_molemax,images/ISIC_0029416.jpg,images/ISIC_0030657.jpg,6,False,True,False,False
ISIC_0029416,ISIC_0030859,HAM_0005455,HAM_0006822,nv,nv,vidir_molemax,vidir_modern,images/ISIC_0029416.jpg,images/ISIC_0030859.jpg,6,False,True,False,True
ISIC_0029416,ISIC_0031096,HAM_0005455,HAM_0005773,nv,nv,vidir_molemax,vidir_molemax,images/ISIC_0029416.jpg,images/ISIC_0031096.jpg,6,False,True,False,False
ISIC_0029416,ISIC_0031273,HAM_0005455,HAM_0006687,nv,nv,vidir_molemax,vidir_molemax,images/ISIC_0029416.jpg,images/ISIC_0031273.jpg,6,False,True,False,False
ISIC_0029416,ISIC_0031731,HAM_0005455,HAM_0005355,nv,nv,vidir_molemax,vidir_molemax,images/ISIC_0029416.jpg,images/ISIC_0031731.jpg,6,False,True,False,False
ISIC_0029416,ISIC_0032336,HAM_0005455,HAM_0002460,nv,nv,vidir_molemax,vidir_molemax,images/ISIC_0029416.jpg,images/ISIC_0032336.jpg,6,False,True,False,False
ISIC_0029442,ISIC_0030156,HAM_0007175,HAM_0004954,nv,nv,vidir_molemax,vienna_dias,images/ISIC_0029442.jpg,images/ISIC_0030156.jpg,6,False,True,False,True
ISIC_0029442,ISIC_0032340,HAM_0007175,HAM_0001881,nv,nv,vidir_molemax,rosendahl,images/ISIC_0029442.jpg,images/ISIC_0032340.jpg,6,False,True,False,True
ISIC_0029480,ISIC_0029975,HAM_0004898,HAM_0005994,mel,nv,rosendahl,rosendahl,images/ISIC_0029480.jpg,images/ISIC_0029975.jpg,6,False,True,True,False
ISIC_0029480,ISIC_0030061,HAM_0004898,HAM_0000836,mel,nv,rosendahl,rosendahl,images/ISIC_0029480.jpg,images/ISIC_0030061.jpg,6,False,True,True,False
ISIC_0029480,ISIC_0031064,HAM_0004898,HAM_0000798,mel,nv,rosendahl,rosendahl,images/ISIC_0029480.jpg,images/ISIC_0031064.jpg,6,False,True,True,False
ISIC_0029480,ISIC_0032195,HAM_0004898,HAM_0007075,mel,nv,rosendahl,rosendahl,images/ISIC_0029480.jpg,images/ISIC_0032195.jpg,6,False,True,True,False
ISIC_0029480,ISIC_0032228,HAM_0004898,HAM_0003984,mel,nv,rosendahl,vidir_molemax,images/ISIC_0029480.jpg,images/ISIC_0032228.jpg,6,False,True,True,True
ISIC_0029480,ISIC_0033237,HAM_0004898,HAM_0001040,mel,nv,rosendahl,vidir_modern,images/ISIC_0029480.jpg,images/ISIC_0033237.jpg,6,False,True,True,True
ISIC_0029480,ISIC_0033598,HAM_0004898,HAM_0005496,mel,nv,rosendahl,vidir_modern,images/ISIC_0029480.jpg,images/ISIC_0033598.jpg,6,False,True,True,True
ISIC_0029480,ISIC_0033982,HAM_0004898,HAM_0006643,mel,nv,rosendahl,vidir_modern,images/ISIC_0029480.jpg,images/ISIC_0033982.jpg,6,False,True,True,True
ISIC_0029498,ISIC_0031105,HAM_0001356,HAM_0002566,nv,nv,vidir_modern,vidir_modern,images/ISIC_0029498.jpg,images/ISIC_0031105.jpg,6,False,True,False,False
ISIC_0029502,ISIC_0032341,HAM_0003617,HAM_0003221,mel,nv,vienna_dias,vidir_modern,images/ISIC_0029502.jpg,images/ISIC_0032341.jpg,6,False,True,True,True
ISIC_0029502,ISIC_0033763,HAM_0003617,HAM_0001218,mel,nv,vienna_dias,vidir_modern,images/ISIC_0029502.jpg,images/ISIC_0033763.jpg,6,False,True,True,True
ISIC_0029502,ISIC_0034128,HAM_0003617,HAM_0004226,mel,nv,vienna_dias,vidir_modern,images/ISIC_0029502.jpg,images/ISIC_0034128.jpg,6,False,True,True,True
ISIC_0029526,ISIC_0032183,HAM_0001061,HAM_0007351,nv,nv,vidir_molemax,vidir_molemax,images/ISIC_0029526.jpg,images/ISIC_0032183.jpg,6,False,True,False,False
ISIC_0029538,ISIC_0034128,HAM_0002534,HAM_0004226,mel,nv,vidir_modern,vidir_modern,images/ISIC_0029538.jpg,images/ISIC_0034128.jpg,6,False,True,True,False
ISIC_0029538,ISIC_0034193,HAM_0002534,HAM_0004351,mel,nv,vidir_modern,vidir_modern,images/ISIC_0029538.jpg,images/ISIC_0034193.jpg,6,False,True,True,False
ISIC_0029550,ISIC_0032354,HAM_0002394,HAM_0001714,nv,nv,vidir_molemax,vidir_molemax,images/ISIC_0029550.jpg,images/ISIC_0032354.jpg,6,False,True,False,False
ISIC_0029551,ISIC_0032228,HAM_0006640,HAM_0003984,nv,nv,vidir_molemax,vidir_molemax,images/ISIC_0029551.jpg,images/ISIC_0032228.jpg,6,False,True,False,False
ISIC_0029551,ISIC_0032769,HAM_0006640,HAM_0004444,nv,nv,vidir_molemax,vidir_modern,images/ISIC_0029551.jpg,images/ISIC_0032769.jpg,6,False,True,False,True
ISIC_0029551,ISIC_0033598,HAM_0006640,HAM_0005496,nv,nv,vidir_molemax,vidir_modern,images/ISIC_0029551.jpg,images/ISIC_0033598.jpg,6,False,True,False,True
ISIC_0029570,ISIC_0030663,HAM_0002130,HAM_0006104,mel,nv,rosendahl,rosendahl,images/ISIC_0029570.jpg,images/ISIC_0030663.jpg,6,False,True,True,False
ISIC_0029570,ISIC_0031064,HAM_0002130,HAM_0000798,mel,nv,rosendahl,rosendahl,images/ISIC_0029570.jpg,images/ISIC_0031064.jpg,6,False,True,True,False
ISIC_0029570,ISIC_0033282,HAM_0002130,HAM_0004716,mel,nv,rosendahl,vidir_modern,images/ISIC_0029570.jpg,images/ISIC_0033282.jpg,6,False,True,True,True
ISIC_0029636,ISIC_0029699,HAM_0001220,HAM_0005241,nv,nv,vidir_modern,vidir_molemax,images/ISIC_0029636.jpg,images/ISIC_0029699.jpg,6,False,True,False,True
ISIC_0029636,ISIC_0030909,HAM_0001220,HAM_0000258,nv,nv,vidir_modern,vidir_modern,images/ISIC_0029636.jpg,images/ISIC_0030909.jpg,6,False,True,False,False
ISIC_0029636,ISIC_0031731,HAM_0001220,HAM_0005355,nv,nv,vidir_modern,vidir_molemax,images/ISIC_0029636.jpg,images/ISIC_0031731.jpg,6,False,True,False,True
ISIC_0029636,ISIC_0032336,HAM_0001220,HAM_0002460,nv,nv,vidir_modern,vidir_molemax,images/ISIC_0029636.jpg,images/ISIC_0032336.jpg,6,False,True,False,True
ISIC_0029636,ISIC_0032720,HAM_0001220,HAM_0006295,nv,nv,vidir_modern,vidir_modern,images/ISIC_0029636.jpg,images/ISIC_0032720.jpg,6,False,True,False,False
ISIC_0029636,ISIC_0034200,HAM_0001220,HAM_0004583,nv,nv,vidir_modern,vidir_modern,images/ISIC_0029636.jpg,images/ISIC_0034200.jpg,6,False,True,False,False
ISIC_0029650,ISIC_0032670,HAM_0001329,HAM_0005601,nv,nv,vidir_modern,vidir_modern,images/ISIC_0029650.jpg,images/ISIC_0032670.jpg,6,False,True,False,False
ISIC_0029650,ISIC_0034018,HAM_0001329,HAM_0002569,nv,nv,vidir_modern,vidir_modern,images/ISIC_0029650.jpg,images/ISIC_0034018.jpg,6,False,True,False,False
ISIC_0029665,ISIC_0029975,HAM_0000347,HAM_0005994,nv,nv,rosendahl,rosendahl,images/ISIC_0029665.jpg,images/ISIC_0029975.jpg,6,False,True,False,False
ISIC_0029665,ISIC_0030251,HAM_0000347,HAM_0001989,nv,nv,rosendahl,rosendahl,images/ISIC_0029665.jpg,images/ISIC_0030251.jpg,6,False,True,False,False
ISIC_0029665,ISIC_0031838,HAM_0000347,HAM_0002517,nv,nv,rosendahl,rosendahl,images/ISIC_0029665.jpg,images/ISIC_0031838.jpg,6,False,True,False,False
ISIC_0029665,ISIC_0033982,HAM_0000347,HAM_0006643,nv,nv,rosendahl,vidir_modern,images/ISIC_0029665.jpg,images/ISIC_0033982.jpg,6,False,True,False,True
ISIC_0029675,ISIC_0031873,HAM_0001314,HAM_0004362,nv,nv,vidir_molemax,vidir_molemax,images/ISIC_0029675.jpg,images/ISIC_0031873.jpg,6,False,True,False,False
ISIC_0029675,ISIC_0032824,HAM_0001314,HAM_0004590,nv,nv,vidir_molemax,vidir_modern,images/ISIC_0029675.jpg,images/ISIC_0032824.jpg,6,False,True,False,True
ISIC_0029675,ISIC_0033743,HAM_0001314,HAM_0001026,nv,nv,vidir_molemax,vidir_modern,images/ISIC_0029675.jpg,images/ISIC_0033743.jpg,6,False,True,False,True
ISIC_0029699,ISIC_0030909,HAM_0005241,HAM_0000258,nv,nv,vidir_molemax,vidir_modern,images/ISIC_0029699.jpg,images/ISIC_0030909.jpg,6,False,True,False,True
ISIC_0029699,ISIC_0031273,HAM_0005241,HAM_0006687,nv,nv,vidir_molemax,vidir_molemax,images/ISIC_0029699.jpg,images/ISIC_0031273.jpg,6,False,True,False,False
ISIC_0029699,ISIC_0031485,HAM_0005241,HAM_0004641,nv,bkl,vidir_molemax,vidir_modern,images/ISIC_0029699.jpg,images/ISIC_0031485.jpg,6,False,True,True,True
ISIC_0029699,ISIC_0032966,HAM_0005241,HAM_0004076,nv,nv,vidir_molemax,vidir_modern,images/ISIC_0029699.jpg,images/ISIC_0032966.jpg,6,False,True,False,True
ISIC_0029699,ISIC_0033759,HAM_0005241,HAM_0002923,nv,nv,vidir_molemax,vidir_modern,images/ISIC_0029699.jpg,images/ISIC_0033759.jpg,6,False,True,False,True
ISIC_0029699,ISIC_0034200,HAM_0005241,HAM_0004583,nv,nv,vidir_molemax,vidir_modern,images/ISIC_0029699.jpg,images/ISIC_0034200.jpg,6,False,True,False,True
ISIC_0029701,ISIC_0031865,HAM_0001425,HAM_0001556,nv,nv,vidir_molemax,vidir_molemax,images/ISIC_0029701.jpg,images/ISIC_0031865.jpg,6,False,True,False,False
ISIC_0029735,ISIC_0030556,HAM_0002120,HAM_0001771,nv,nv,vidir_modern,vidir_molemax,images/ISIC_0029735.jpg,images/ISIC_0030556.jpg,6,False,True,False,True
ISIC_0029749,ISIC_0033846,HAM_0001962,HAM_0006516,nv,nv,rosendahl,vidir_modern,images/ISIC_0029749.jpg,images/ISIC_0033846.jpg,6,False,True,False,True
ISIC_0029756,ISIC_0031629,HAM_0003221,HAM_0002489,nv,nv,vidir_modern,vidir_modern,images/ISIC_0029756.jpg,images/ISIC_0031629.jpg,6,False,True,False,False
ISIC_0029756,ISIC_0031883,HAM_0003221,HAM_0002946,nv,nv,vidir_modern,vidir_modern,images/ISIC_0029756.jpg,images/ISIC_0031883.jpg,6,False,True,False,False
ISIC_0029756,ISIC_0032612,HAM_0003221,HAM_0000402,nv,nv,vidir_modern,vidir_modern,images/ISIC_0029756.jpg,images/ISIC_0032612.jpg,6,False,True,False,False
ISIC_0029815,ISIC_0031155,HAM_0006537,HAM_0001797,nv,nv,vidir_molemax,vidir_molemax,images/ISIC_0029815.jpg,images/ISIC_0031155.jpg,6,False,True,False,False
ISIC_0029816,ISIC_0029907,HAM_0003074,HAM_0003285,nv,nv,vidir_molemax,vidir_molemax,images/ISIC_0029816.jpg,images/ISIC_0029907.jpg,6,False,True,False,False
ISIC_0029816,ISIC_0030641,HAM_0003074,HAM_0006079,nv,nv,vidir_molemax,vidir_molemax,images/ISIC_0029816.jpg,images/ISIC_0030641.jpg,6,False,True,False,False
ISIC_0029816,ISIC_0032600,HAM_0003074,HAM_0001930,nv,nv,vidir_molemax,vidir_modern,images/ISIC_0029816.jpg,images/ISIC_0032600.jpg,6,False,True,False,True
ISIC_0029817,ISIC_0032338,HAM_0003572,HAM_0004024,nv,nv,vidir_molemax,vidir_modern,images/ISIC_0029817.jpg,images/ISIC_0032338.jpg,6,False,True,False,True
ISIC_0029817,ISIC_0032713,HAM_0003572,HAM_0005209,nv,nv,vidir_molemax,vidir_modern,images/ISIC_0029817.jpg,images/ISIC_0032713.jpg,6,False,True,False,True
ISIC_0029817,ISIC_0033912,HAM_0003572,HAM_0002874,nv,nv,vidir_molemax,vidir_modern,images/ISIC_0029817.jpg,images/ISIC_0033912.jpg,6,False,True,False,True
ISIC_0029839,ISIC_0033986,HAM_0002113,HAM_0003602,mel,mel,rosendahl,vidir_modern,images/ISIC_0029839.jpg,images/ISIC_0033986.jpg,6,False,True,False,True
ISIC_0029848,ISIC_0031580,HAM_0001993,HAM_0005335,nv,bkl,vidir_molemax,rosendahl,images/ISIC_0029848.jpg,images/ISIC_0031580.jpg,6,False,True,True,True
ISIC_0029857,ISIC_0032125,HAM_0005856,HAM_0003305,bcc,nv,rosendahl,rosendahl,images/ISIC_0029857.jpg,images/ISIC_0032125.jpg,6,False,True,True,False
ISIC_0029857,ISIC_0032405,HAM_0005856,HAM_0001455,bcc,nv,rosendahl,rosendahl,images/ISIC_0029857.jpg,images/ISIC_0032405.jpg,6,False,True,True,False
ISIC_0029857,ISIC_0032824,HAM_0005856,HAM_0004590,bcc,nv,rosendahl,vidir_modern,images/ISIC_0029857.jpg,images/ISIC_0032824.jpg,6,False,True,True,True
ISIC_0029857,ISIC_0033799,HAM_0005856,HAM_0001912,bcc,nv,rosendahl,vidir_modern,images/ISIC_0029857.jpg,images/ISIC_0033799.jpg,6,False,True,True,True
ISIC_0029857,ISIC_0034244,HAM_0005856,HAM_0006121,bcc,nv,rosendahl,vidir_modern,images/ISIC_0029857.jpg,images/ISIC_0034244.jpg,6,False,True,True,True
ISIC_0029862,ISIC_0030948,HAM_0006910,HAM_0001255,nv,nv,rosendahl,vidir_molemax,images/ISIC_0029862.jpg,images/ISIC_0030948.jpg,6,False,True,False,True
ISIC_0029907,ISIC_0030641,HAM_0003285,HAM_0006079,nv,nv,vidir_molemax,vidir_molemax,images/ISIC_0029907.jpg,images/ISIC_0030641.jpg,6,False,True,False,False
ISIC_0029907,ISIC_0031599,HAM_0003285,HAM_0003263,nv,nv,vidir_molemax,rosendahl,images/ISIC_0029907.jpg,images/ISIC_0031599.jpg,6,False,True,False,True
ISIC_0029907,ISIC_0031896,HAM_0003285,HAM_0003027,nv,nv,vidir_molemax,vidir_modern,images/ISIC_0029907.jpg,images/ISIC_0031896.jpg,6,False,True,False,True
ISIC_0029907,ISIC_0032600,HAM_0003285,HAM_0001930,nv,nv,vidir_molemax,vidir_modern,images/ISIC_0029907.jpg,images/ISIC_0032600.jpg,6,False,True,False,True
ISIC_0029908,ISIC_0031896,HAM_0001646,HAM_0003027,nv,nv,vidir_molemax,vidir_modern,images/ISIC_0029908.jpg,images/ISIC_0031896.jpg,6,False,True,False,True
ISIC_0029908,ISIC_0032242,HAM_0001646,HAM_0003951,nv,nv,vidir_molemax,vidir_modern,images/ISIC_0029908.jpg,images/ISIC_0032242.jpg,6,False,True,False,True
ISIC_0029925,ISIC_0030653,HAM_0004061,HAM_0003957,nv,mel,vidir_molemax,rosendahl,images/ISIC_0029925.jpg,images/ISIC_0030653.jpg,6,False,True,True,True
ISIC_0029925,ISIC_0032263,HAM_0004061,HAM_0001290,nv,nv,vidir_molemax,vidir_molemax,images/ISIC_0029925.jpg,images/ISIC_0032263.jpg,6,False,True,False,False
ISIC_0029975,ISIC_0031451,HAM_0005994,HAM_0006401,nv,nv,rosendahl,rosendahl,images/ISIC_0029975.jpg,images/ISIC_0031451.jpg,6,False,True,False,False
ISIC_0029975,ISIC_0031838,HAM_0005994,HAM_0002517,nv,nv,rosendahl,rosendahl,images/ISIC_0029975.jpg,images/ISIC_0031838.jpg,6,False,True,False,False
ISIC_0029975,ISIC_0032195,HAM_0005994,HAM_0007075,nv,nv,rosendahl,rosendahl,images/ISIC_0029975.jpg,images/ISIC_0032195.jpg,6,False,True,False,False
ISIC_0029975,ISIC_0032621,HAM_0005994,HAM_0005760,nv,nv,rosendahl,vidir_modern,images/ISIC_0029975.jpg,images/ISIC_0032621.jpg,6,False,True,False,True
ISIC_0029975,ISIC_0033561,HAM_0005994,HAM_0004708,nv,nv,rosendahl,vidir_modern,images/ISIC_0029975.jpg,images/ISIC_0033561.jpg,6,False,True,False,True
ISIC_0029975,ISIC_0034206,HAM_0005994,HAM_0001133,nv,nv,rosendahl,vidir_modern,images/ISIC_0029975.jpg,images/ISIC_0034206.jpg,6,False,True,False,True
ISIC_0030061,ISIC_0032195,HAM_0000836,HAM_0007075,nv,nv,rosendahl,rosendahl,images/ISIC_0030061.jpg,images/ISIC_0032195.jpg,6,False,True,False,False
ISIC_0030061,ISIC_0032471,HAM_0000836,HAM_0003932,nv,nv,rosendahl,rosendahl,images/ISIC_0030061.jpg,images/ISIC_0032471.jpg,6,False,True,False,False
ISIC_0030061,ISIC_0033237,HAM_0000836,HAM_0001040,nv,nv,rosendahl,vidir_modern,images/ISIC_0030061.jpg,images/ISIC_0033237.jpg,6,False,True,False,True
ISIC_0030061,ISIC_0033561,HAM_0000836,HAM_0004708,nv,nv,rosendahl,vidir_modern,images/ISIC_0030061.jpg,images/ISIC_0033561.jpg,6,False,True,False,True
ISIC_0030077,ISIC_0031657,HAM_0003828,HAM_0003828,nv,nv,vienna_dias,vienna_dias,images/ISIC_0030077.jpg,images/ISIC_0031657.jpg,6,True,False,False,False
ISIC_0030079,ISIC_0032310,HAM_0003241,HAM_0007014,nv,nv,rosendahl,rosendahl,images/ISIC_0030079.jpg,images/ISIC_0032310.jpg,6,False,True,False,False
ISIC_0030079,ISIC_0033282,HAM_0003241,HAM_0004716,nv,nv,rosendahl,vidir_modern,images/ISIC_0030079.jpg,images/ISIC_0033282.jpg,6,False,True,False,True
ISIC_0030099,ISIC_0033763,HAM_0000474,HAM_0001218,nv,nv,vidir_molemax,vidir_modern,images/ISIC_0030099.jpg,images/ISIC_0033763.jpg,6,False,True,False,True
ISIC_0030104,ISIC_0034267,HAM_0001122,HAM_0005116,vasc,nv,vidir_molemax,vidir_modern,images/ISIC_0030104.jpg,images/ISIC_0034267.jpg,6,False,True,True,True
ISIC_0030123,ISIC_0033239,HAM_0006652,HAM_0006321,bkl,mel,vidir_modern,vidir_modern,images/ISIC_0030123.jpg,images/ISIC_0033239.jpg,6,False,True,True,False
ISIC_0030139,ISIC_0032505,HAM_0003653,HAM_0007077,nv,nv,vidir_modern,vidir_molemax,images/ISIC_0030139.jpg,images/ISIC_0032505.jpg,6,False,True,False,True
ISIC_0030156,ISIC_0031155,HAM_0004954,HAM_0001797,nv,nv,vienna_dias,vidir_molemax,images/ISIC_0030156.jpg,images/ISIC_0031155.jpg,6,False,True,False,True
ISIC_0030156,ISIC_0031821,HAM_0004954,HAM_0003957,nv,mel,vienna_dias,rosendahl,images/ISIC_0030156.jpg,images/ISIC_0031821.jpg,6,False,True,True,True
ISIC_0030156,ISIC_0032340,HAM_0004954,HAM_0001881,nv,nv,vienna_dias,rosendahl,images/ISIC_0030156.jpg,images/ISIC_0032340.jpg,6,False,True,False,True
ISIC_0030162,ISIC_0031354,HAM_0006468,HAM_0002823,nv,nv,vidir_molemax,rosendahl,images/ISIC_0030162.jpg,images/ISIC_0031354.jpg,6,False,True,False,True
ISIC_0030171,ISIC_0034200,HAM_0006253,HAM_0004583,mel,nv,vidir_modern,vidir_modern,images/ISIC_0030171.jpg,images/ISIC_0034200.jpg,6,False,True,True,False
ISIC_0030198,ISIC_0030653,HAM_0005695,HAM_0003957,nv,mel,rosendahl,rosendahl,images/ISIC_0030198.jpg,images/ISIC_0030653.jpg,6,False,True,True,False
ISIC_0030243,ISIC_0032058,HAM_0000721,HAM_0000721,nv,nv,vienna_dias,vienna_dias,images/ISIC_0030243.jpg,images/ISIC_0032058.jpg,6,True,False,False,False
ISIC_0030251,ISIC_0030255,HAM_0001989,HAM_0002817,nv,mel,rosendahl,rosendahl,images/ISIC_0030251.jpg,images/ISIC_0030255.jpg,6,False,True,True,False
ISIC_0030251,ISIC_0031042,HAM_0001989,HAM_0005994,nv,nv,rosendahl,rosendahl,images/ISIC_0030251.jpg,images/ISIC_0031042.jpg,6,False,True,False,False
ISIC_0030251,ISIC_0031064,HAM_0001989,HAM_0000798,nv,nv,rosendahl,rosendahl,images/ISIC_0030251.jpg,images/ISIC_0031064.jpg,6,False,True,False,False
ISIC_0030251,ISIC_0031451,HAM_0001989,HAM_0006401,nv,nv,rosendahl,rosendahl,images/ISIC_0030251.jpg,images/ISIC_0031451.jpg,6,False,True,False,False
ISIC_0030251,ISIC_0031838,HAM_0001989,HAM_0002517,nv,nv,rosendahl,rosendahl,images/ISIC_0030251.jpg,images/ISIC_0031838.jpg,6,False,True,False,False
ISIC_0030251,ISIC_0031932,HAM_0001989,HAM_0004291,nv,nv,rosendahl,rosendahl,images/ISIC_0030251.jpg,images/ISIC_0031932.jpg,6,False,True,False,False
ISIC_0030251,ISIC_0031950,HAM_0001989,HAM_0005158,nv,vasc,rosendahl,vienna_dias,images/ISIC_0030251.jpg,images/ISIC_0031950.jpg,6,False,True,True,True
ISIC_0030251,ISIC_0032475,HAM_0001989,HAM_0007448,nv,nv,rosendahl,vidir_modern,images/ISIC_0030251.jpg,images/ISIC_0032475.jpg,6,False,True,False,True
ISIC_0030251,ISIC_0032621,HAM_0001989,HAM_0005760,nv,nv,rosendahl,vidir_modern,images/ISIC_0030251.jpg,images/ISIC_0032621.jpg,6,False,True,False,True
ISIC_0030251,ISIC_0032769,HAM_0001989,HAM_0004444,nv,nv,rosendahl,vidir_modern,images/ISIC_0030251.jpg,images/ISIC_0032769.jpg,6,False,True,False,True
ISIC_0030251,ISIC_0033237,HAM_0001989,HAM_0001040,nv,nv,rosendahl,vidir_modern,images/ISIC_0030251.jpg,images/ISIC_0033237.jpg,6,False,True,False,True
ISIC_0030251,ISIC_0033982,HAM_0001989,HAM_0006643,nv,nv,rosendahl,vidir_modern,images/ISIC_0030251.jpg,images/ISIC_0033982.jpg,6,False,True,False,True
ISIC_0030251,ISIC_0034206,HAM_0001989,HAM_0001133,nv,nv,rosendahl,vidir_modern,images/ISIC_0030251.jpg,images/ISIC_0034206.jpg,6,False,True,False,True
ISIC_0030255,ISIC_0031838,HAM_0002817,HAM_0002517,mel,nv,rosendahl,rosendahl,images/ISIC_0030255.jpg,images/ISIC_0031838.jpg,6,False,True,True,False
ISIC_0030257,ISIC_0030982,HAM_0001370,HAM_0006054,nv,nv,vidir_molemax,vidir_molemax,images/ISIC_0030257.jpg,images/ISIC_0030982.jpg,6,False,True,False,False
ISIC_0030313,ISIC_0031805,HAM_0003902,HAM_0005023,nv,nv,rosendahl,vidir_molemax,images/ISIC_0030313.jpg,images/ISIC_0031805.jpg,6,False,True,False,True
ISIC_0030381,ISIC_0033900,HAM_0005702,HAM_0002040,nv,bkl,vidir_molemax,vidir_modern,images/ISIC_0030381.jpg,images/ISIC_0033900.jpg,6,False,True,True,True
ISIC_0030400,ISIC_0032428,HAM_0001145,HAM_0004410,nv,nv,vidir_molemax,vidir_modern,images/ISIC_0030400.jpg,images/ISIC_0032428.jpg,6,False,True,False,True
ISIC_0030424,ISIC_0030941,HAM_0006452,HAM_0001297,nv,nv,vidir_molemax,vienna_dias,images/ISIC_0030424.jpg,images/ISIC_0030941.jpg,6,False,True,False,True
ISIC_0030424,ISIC_0032204,HAM_0006452,HAM_0005789,nv,mel,vidir_molemax,rosendahl,images/ISIC_0030424.jpg,images/ISIC_0032204.jpg,6,False,True,True,True
ISIC_0030431,ISIC_0032824,HAM_0005833,HAM_0004590,nv,nv,vidir_molemax,vidir_modern,images/ISIC_0030431.jpg,images/ISIC_0032824.jpg,6,False,True,False,True
ISIC_0030431,ISIC_0033018,HAM_0005833,HAM_0007415,nv,nv,vidir_molemax,vidir_modern,images/ISIC_0030431.jpg,images/ISIC_0033018.jpg,6,False,True,False,True
ISIC_0030433,ISIC_0032957,HAM_0005582,HAM_0004272,nv,nv,vidir_molemax,vidir_modern,images/ISIC_0030433.jpg,images/ISIC_0032957.jpg,6,False,True,False,True
ISIC_0030433,ISIC_0033846,HAM_0005582,HAM_0006516,nv,nv,vidir_molemax,vidir_modern,images/ISIC_0030433.jpg,images/ISIC_0033846.jpg,6,False,True,False,True
ISIC_0030454,ISIC_0033514,HAM_0001267,HAM_0005185,nv,nv,vidir_molemax,vidir_modern,images/ISIC_0030454.jpg,images/ISIC_0033514.jpg,6,False,True,False,True
ISIC_0030477,ISIC_0031815,HAM_0000141,HAM_0002760,nv,nv,vidir_molemax,vidir_molemax,images/ISIC_0030477.jpg,images/ISIC_0031815.jpg,6,False,True,False,False
ISIC_0030508,ISIC_0032195,HAM_0006041,HAM_0007075,nv,nv,vienna_dias,rosendahl,images/ISIC_0030508.jpg,images/ISIC_0032195.jpg,6,False,True,False,True
ISIC_0030508,ISIC_0032228,HAM_0006041,HAM_0003984,nv,nv,vienna_dias,vidir_molemax,images/ISIC_0030508.jpg,images/ISIC_0032228.jpg,6,False,True,False,True
ISIC_0030508,ISIC_0033561,HAM_0006041,HAM_0004708,nv,nv,vienna_dias,vidir_modern,images/ISIC_0030508.jpg,images/ISIC_0033561.jpg,6,False,True,False,True
ISIC_0030508,ISIC_0033598,HAM_0006041,HAM_0005496,nv,nv,vienna_dias,vidir_modern,images/ISIC_0030508.jpg,images/ISIC_0033598.jpg,6,False,True,False,True
ISIC_0030513,ISIC_0033402,HAM_0006060,HAM_0001651,nv,nv,vidir_molemax,vidir_modern,images/ISIC_0030513.jpg,images/ISIC_0033402.jpg,6,False,True,False,True
ISIC_0030556,ISIC_0031070,HAM_0001771,HAM_0000632,nv,nv,vidir_molemax,rosendahl,images/ISIC_0030556.jpg,images/ISIC_0031070.jpg,6,False,True,False,True
ISIC_0030556,ISIC_0033797,HAM_0001771,HAM_0004205,nv,nv,vidir_molemax,vidir_modern,images/ISIC_0030556.jpg,images/ISIC_0033797.jpg,6,False,True,False,True
ISIC_0030581,ISIC_0033423,HAM_0002916,HAM_0006516,nv,nv,rosendahl,vidir_modern,images/ISIC_0030581.jpg,images/ISIC_0033423.jpg,6,False,True,False,True
ISIC_0030600,ISIC_0031252,HAM_0007157,HAM_0002580,nv,nv,vidir_molemax,vidir_molemax,images/ISIC_0030600.jpg,images/ISIC_0031252.jpg,6,False,True,False,False
ISIC_0030611,ISIC_0033763,HAM_0001795,HAM_0001218,nv,nv,vidir_molemax,vidir_modern,images/ISIC_0030611.jpg,images/ISIC_0033763.jpg,6,False,True,False,True
ISIC_0030641,ISIC_0030725,HAM_0006079,HAM_0000300,nv,nv,vidir_molemax,vidir_molemax,images/ISIC_0030641.jpg,images/ISIC_0030725.jpg,6,False,True,False,False
ISIC_0030641,ISIC_0032242,HAM_0006079,HAM_0003951,nv,nv,vidir_molemax,vidir_modern,images/ISIC_0030641.jpg,images/ISIC_0032242.jpg,6,False,True,False,True
ISIC_0030641,ISIC_0032341,HAM_0006079,HAM_0003221,nv,nv,vidir_molemax,vidir_modern,images/ISIC_0030641.jpg,images/ISIC_0032341.jpg,6,False,True,False,True
ISIC_0030641,ISIC_0032600,HAM_0006079,HAM_0001930,nv,nv,vidir_molemax,vidir_modern,images/ISIC_0030641.jpg,images/ISIC_0032600.jpg,6,False,True,False,True
ISIC_0030657,ISIC_0031273,HAM_0005639,HAM_0006687,nv,nv,vidir_molemax,vidir_molemax,images/ISIC_0030657.jpg,images/ISIC_0031273.jpg,6,False,True,False,False
ISIC_0030657,ISIC_0031435,HAM_0005639,HAM_0004747,nv,nv,vidir_molemax,vidir_modern,images/ISIC_0030657.jpg,images/ISIC_0031435.jpg,6,False,True,False,True
ISIC_0030657,ISIC_0031731,HAM_0005639,HAM_0005355,nv,nv,vidir_molemax,vidir_molemax,images/ISIC_0030657.jpg,images/ISIC_0031731.jpg,6,False,True,False,False
ISIC_0030657,ISIC_0032336,HAM_0005639,HAM_0002460,nv,nv,vidir_molemax,vidir_molemax,images/ISIC_0030657.jpg,images/ISIC_0032336.jpg,6,False,True,False,False
ISIC_0030663,ISIC_0031064,HAM_0006104,HAM_0000798,nv,nv,rosendahl,rosendahl,images/ISIC_0030663.jpg,images/ISIC_0031064.jpg,6,False,True,False,False
ISIC_0030663,ISIC_0031933,HAM_0006104,HAM_0001455,nv,nv,rosendahl,rosendahl,images/ISIC_0030663.jpg,images/ISIC_0031933.jpg,6,False,True,False,False
ISIC_0030663,ISIC_0032475,HAM_0006104,HAM_0007448,nv,nv,rosendahl,vidir_modern,images/ISIC_0030663.jpg,images/ISIC_0032475.jpg,6,False,True,False,True
ISIC_0030663,ISIC_0034206,HAM_0006104,HAM_0001133,nv,nv,rosendahl,vidir_modern,images/ISIC_0030663.jpg,images/ISIC_0034206.jpg,6,False,True,False,True
ISIC_0030676,ISIC_0032670,HAM_0005054,HAM_0005601,nv,nv,vidir_molemax,vidir_modern,images/ISIC_0030676.jpg,images/ISIC_0032670.jpg,6,False,True,False,True
ISIC_0030676,ISIC_0034018,HAM_0005054,HAM_0002569,nv,nv,vidir_molemax,vidir_modern,images/ISIC_0030676.jpg,images/ISIC_0034018.jpg,6,False,True,False,True
ISIC_0030735,ISIC_0032904,HAM_0004837,HAM_0006284,nv,nv,vidir_molemax,vidir_modern,images/ISIC_0030735.jpg,images/ISIC_0032904.jpg,6,False,True,False,True
ISIC_0030736,ISIC_0033279,HAM_0004818,HAM_0006802,nv,mel,vidir_molemax,vidir_modern,images/ISIC_0030736.jpg,images/ISIC_0033279.jpg,6,False,True,True,True
ISIC_0030796,ISIC_0033680,HAM_0006793,HAM_0001641,nv,nv,rosendahl,vidir_modern,images/ISIC_0030796.jpg,images/ISIC_0033680.jpg,6,False,True,False,True
ISIC_0030807,ISIC_0033093,HAM_0004799,HAM_0006799,nv,nv,vidir_molemax,vidir_modern,images/ISIC_0030807.jpg,images/ISIC_0033093.jpg,6,False,True,False,True
ISIC_0030852,ISIC_0031204,HAM_0002628,HAM_0002628,nv,nv,vienna_dias,vienna_dias,images/ISIC_0030852.jpg,images/ISIC_0031204.jpg,6,True,False,False,False
ISIC_0030859,ISIC_0030909,HAM_0006822,HAM_0000258,nv,nv,vidir_modern,vidir_modern,images/ISIC_0030859.jpg,images/ISIC_0030909.jpg,6,False,True,False,False
ISIC_0030859,ISIC_0031273,HAM_0006822,HAM_0006687,nv,nv,vidir_modern,vidir_molemax,images/ISIC_0030859.jpg,images/ISIC_0031273.jpg,6,False,True,False,True
ISIC_0030859,ISIC_0032720,HAM_0006822,HAM_0006295,nv,nv,vidir_modern,vidir_modern,images/ISIC_0030859.jpg,images/ISIC_0032720.jpg,6,False,True,False,False
ISIC_0030892,ISIC_0031425,HAM_0007350,HAM_0007087,nv,nv,vidir_modern,vidir_molemax,images/ISIC_0030892.jpg,images/ISIC_0031425.jpg,6,False,True,False,True
ISIC_0030909,ISIC_0031485,HAM_0000258,HAM_0004641,nv,bkl,vidir_modern,vidir_modern,images/ISIC_0030909.jpg,images/ISIC_0031485.jpg,6,False,True,True,False
ISIC_0030909,ISIC_0032336,HAM_0000258,HAM_0002460,nv,nv,vidir_modern,vidir_molemax,images/ISIC_0030909.jpg,images/ISIC_0032336.jpg,6,False,True,False,True
ISIC_0030909,ISIC_0033152,HAM_0000258,HAM_0001135,nv,mel,vidir_modern,vidir_modern,images/ISIC_0030909.jpg,images/ISIC_0033152.jpg,6,False,True,True,False
ISIC_0030937,ISIC_0033868,HAM_0005173,HAM_0001837,nv,bkl,rosendahl,vidir_modern,images/ISIC_0030937.jpg,images/ISIC_0033868.jpg,6,False,True,True,True
ISIC_0030948,ISIC_0031821,HAM_0001255,HAM_0003957,nv,mel,vidir_molemax,rosendahl,images/ISIC_0030948.jpg,images/ISIC_0031821.jpg,6,False,True,True,True
ISIC_0031004,ISIC_0031435,HAM_0001408,HAM_0004747,nv,nv,vidir_molemax,vidir_modern,images/ISIC_0031004.jpg,images/ISIC_0031435.jpg,6,False,True,False,True
ISIC_0031042,ISIC_0031950,HAM_0005994,HAM_0005158,nv,vasc,rosendahl,vienna_dias,images/ISIC_0031042.jpg,images/ISIC_0031950.jpg,6,False,True,True,True
ISIC_0031042,ISIC_0032228,HAM_0005994,HAM_0003984,nv,nv,rosendahl,vidir_molemax,images/ISIC_0031042.jpg,images/ISIC_0032228.jpg,6,False,True,False,True
ISIC_0031042,ISIC_0033407,HAM_0005994,HAM_0001994,nv,nv,rosendahl,vidir_modern,images/ISIC_0031042.jpg,images/ISIC_0033407.jpg,6,False,True,False,True
ISIC_0031042,ISIC_0033598,HAM_0005994,HAM_0005496,nv,nv,rosendahl,vidir_modern,images/ISIC_0031042.jpg,images/ISIC_0033598.jpg,6,False,True,False,True
ISIC_0031064,ISIC_0032195,HAM_0000798,HAM_0007075,nv,nv,rosendahl,rosendahl,images/ISIC_0031064.jpg,images/ISIC_0032195.jpg,6,False,True,False,False
ISIC_0031064,ISIC_0034206,HAM_0000798,HAM_0001133,nv,nv,rosendahl,vidir_modern,images/ISIC_0031064.jpg,images/ISIC_0034206.jpg,6,False,True,False,True
ISIC_0031070,ISIC_0034008,HAM_0000632,HAM_0006610,nv,nv,rosendahl,vidir_modern,images/ISIC_0031070.jpg,images/ISIC_0034008.jpg,6,False,True,False,True
ISIC_0031080,ISIC_0033996,HAM_0005561,HAM_0004172,nv,nv,vidir_modern,vidir_modern,images/ISIC_0031080.jpg,images/ISIC_0033996.jpg,6,False,True,False,False
ISIC_0031152,ISIC_0032237,HAM_0007314,HAM_0003370,nv,nv,vidir_molemax,vidir_molemax,images/ISIC_0031152.jpg,images/ISIC_0032237.jpg,6,False,True,False,False
ISIC_0031158,ISIC_0033880,HAM_0006709,HAM_0004149,nv,nv,vidir_modern,vidir_modern,images/ISIC_0031158.jpg,images/ISIC_0033880.jpg,6,False,True,False,False
ISIC_0031244,ISIC_0033347,HAM_0001822,HAM_0006080,nv,nv,vidir_molemax,vidir_modern,images/ISIC_0031244.jpg,images/ISIC_0033347.jpg,6,False,True,False,True
ISIC_0031293,ISIC_0032405,HAM_0004418,HAM_0001455,nv,nv,vidir_modern,rosendahl,images/ISIC_0031293.jpg,images/ISIC_0032405.jpg,6,False,True,False,True
ISIC_0031293,ISIC_0033409,HAM_0004418,HAM_0005539,nv,nv,vidir_modern,vidir_modern,images/ISIC_0031293.jpg,images/ISIC_0033409.jpg,6,False,True,False,False
ISIC_0031293,ISIC_0033840,HAM_0004418,HAM_0004503,nv,nv,vidir_modern,vidir_modern,images/ISIC_0031293.jpg,images/ISIC_0033840.jpg,6,False,True,False,False
ISIC_0031302,ISIC_0032636,HAM_0001846,HAM_0001772,nv,bkl,rosendahl,vidir_modern,images/ISIC_0031302.jpg,images/ISIC_0032636.jpg,6,False,True,True,True
ISIC_0031302,ISIC_0032786,HAM_0001846,HAM_0002139,nv,nv,rosendahl,vidir_modern,images/ISIC_0031302.jpg,images/ISIC_0032786.jpg,6,False,True,False,True
ISIC_0031302,ISIC_0034045,HAM_0001846,HAM_0002282,nv,nv,rosendahl,vidir_modern,images/ISIC_0031302.jpg,images/ISIC_0034045.jpg,6,False,True,False,True
ISIC_0031302,ISIC_0034298,HAM_0001846,HAM_0007462,nv,nv,rosendahl,vidir_modern,images/ISIC_0031302.jpg,images/ISIC_0034298.jpg,6,False,True,False,True
ISIC_0031312,ISIC_0033758,HAM_0005000,HAM_0007341,nv,bkl,vidir_molemax,vidir_modern,images/ISIC_0031312.jpg,images/ISIC_0033758.jpg,6,False,True,True,True
ISIC_0031322,ISIC_0033515,HAM_0006411,HAM_0002402,nv,nv,vidir_modern,vidir_modern,images/ISIC_0031322.jpg,images/ISIC_0033515.jpg,6,False,True,False,False
ISIC_0031354,ISIC_0032475,HAM_0002823,HAM_0007448,nv,nv,rosendahl,vidir_modern,images/ISIC_0031354.jpg,images/ISIC_0032475.jpg,6,False,True,False,True
ISIC_0031375,ISIC_0033960,HAM_0000127,HAM_0003535,nv,nv,vidir_molemax,vidir_modern,images/ISIC_0031375.jpg,images/ISIC_0033960.jpg,6,False,True,False,True
ISIC_0031393,ISIC_0031535,HAM_0006247,HAM_0003298,nv,nv,vidir_molemax,vidir_molemax,images/ISIC_0031393.jpg,images/ISIC_0031535.jpg,6,False,True,False,False
ISIC_0031425,ISIC_0033809,HAM_0007087,HAM_0003998,nv,nv,vidir_molemax,vidir_modern,images/ISIC_0031425.jpg,images/ISIC_0033809.jpg,6,False,True,False,True
ISIC_0031435,ISIC_0031574,HAM_0004747,HAM_0005928,nv,nv,vidir_modern,vidir_molemax,images/ISIC_0031435.jpg,images/ISIC_0031574.jpg,6,False,True,False,True
ISIC_0031435,ISIC_0031731,HAM_0004747,HAM_0005355,nv,nv,vidir_modern,vidir_molemax,images/ISIC_0031435.jpg,images/ISIC_0031731.jpg,6,False,True,False,True
ISIC_0031435,ISIC_0032336,HAM_0004747,HAM_0002460,nv,nv,vidir_modern,vidir_molemax,images/ISIC_0031435.jpg,images/ISIC_0032336.jpg,6,False,True,False,True
ISIC_0031435,ISIC_0032678,HAM_0004747,HAM_0004344,nv,nv,vidir_modern,vidir_modern,images/ISIC_0031435.jpg,images/ISIC_0032678.jpg,6,False,True,False,False
ISIC_0031435,ISIC_0032720,HAM_0004747,HAM_0006295,nv,nv,vidir_modern,vidir_modern,images/ISIC_0031435.jpg,images/ISIC_0032720.jpg,6,False,True,False,False
ISIC_0031435,ISIC_0034232,HAM_0004747,HAM_0000216,nv,nv,vidir_modern,vidir_modern,images/ISIC_0031435.jpg,images/ISIC_0034232.jpg,6,False,True,False,False
ISIC_0031451,ISIC_0031933,HAM_0006401,HAM_0001455,nv,nv,rosendahl,rosendahl,images/ISIC_0031451.jpg,images/ISIC_0031933.jpg,6,False,True,False,False
ISIC_0031451,ISIC_0032471,HAM_0006401,HAM_0003932,nv,nv,rosendahl,rosendahl,images/ISIC_0031451.jpg,images/ISIC_0032471.jpg,6,False,True,False,False
ISIC_0031485,ISIC_0032336,HAM_0004641,HAM_0002460,bkl,nv,vidir_modern,vidir_molemax,images/ISIC_0031485.jpg,images/ISIC_0032336.jpg,6,False,True,True,True
ISIC_0031485,ISIC_0032966,HAM_0004641,HAM_0004076,bkl,nv,vidir_modern,vidir_modern,images/ISIC_0031485.jpg,images/ISIC_0032966.jpg,6,False,True,True,False
ISIC_0031485,ISIC_0033152,HAM_0004641,HAM_0001135,bkl,mel,vidir_modern,vidir_modern,images/ISIC_0031485.jpg,images/ISIC_0033152.jpg,6,False,True,True,False
ISIC_0031485,ISIC_0034200,HAM_0004641,HAM_0004583,bkl,nv,vidir_modern,vidir_modern,images/ISIC_0031485.jpg,images/ISIC_0034200.jpg,6,False,True,True,False
ISIC_0031546,ISIC_0032817,HAM_0001192,HAM_0006372,nv,nv,vidir_modern,vidir_modern,images/ISIC_0031546.jpg,images/ISIC_0032817.jpg,6,False,True,False,False
ISIC_0031562,ISIC_0032405,HAM_0001132,HAM_0001455,nv,nv,vidir_molemax,rosendahl,images/ISIC_0031562.jpg,images/ISIC_0032405.jpg,6,False,True,False,True
ISIC_0031574,ISIC_0032720,HAM_0005928,HAM_0006295,nv,nv,vidir_molemax,vidir_modern,images/ISIC_0031574.jpg,images/ISIC_0032720.jpg,6,False,True,False,True
ISIC_0031599,ISIC_0031896,HAM_0003263,HAM_0003027,nv,nv,rosendahl,vidir_modern,images/ISIC_0031599.jpg,images/ISIC_0031896.jpg,6,False,True,False,True
ISIC_0031599,ISIC_0032341,HAM_0003263,HAM_0003221,nv,nv,rosendahl,vidir_modern,images/ISIC_0031599.jpg,images/ISIC_0032341.jpg,6,False,True,False,True
ISIC_0031599,ISIC_0034193,HAM_0003263,HAM_0004351,nv,nv,rosendahl,vidir_modern,images/ISIC_0031599.jpg,images/ISIC_0034193.jpg,6,False,True,False,True
ISIC_0031720,ISIC_0032023,HAM_0003222,HAM_0002698,nv,nv,vidir_modern,vidir_modern,images/ISIC_0031720.jpg,images/ISIC_0032023.jpg,6,False,True,False,False
ISIC_0031731,ISIC_0032026,HAM_0005355,HAM_0002832,nv,nv,vidir_molemax,vidir_modern,images/ISIC_0031731.jpg,images/ISIC_0032026.jpg,6,False,True,False,True
ISIC_0031731,ISIC_0033152,HAM_0005355,HAM_0001135,nv,mel,vidir_molemax,vidir_modern,images/ISIC_0031731.jpg,images/ISIC_0033152.jpg,6,False,True,True,True
ISIC_0031731,ISIC_0034200,HAM_0005355,HAM_0004583,nv,nv,vidir_molemax,vidir_modern,images/ISIC_0031731.jpg,images/ISIC_0034200.jpg,6,False,True,False,True
ISIC_0031750,ISIC_0031829,HAM_0007484,HAM_0006936,nv,nv,vidir_modern,vidir_modern,images/ISIC_0031750.jpg,images/ISIC_0031829.jpg,6,False,True,False,False
ISIC_0031813,ISIC_0032183,HAM_0003987,HAM_0007351,nv,nv,rosendahl,vidir_molemax,images/ISIC_0031813.jpg,images/ISIC_0032183.jpg,6,False,True,False,True
ISIC_0031821,ISIC_0032340,HAM_0003957,HAM_0001881,mel,nv,rosendahl,rosendahl,images/ISIC_0031821.jpg,images/ISIC_0032340.jpg,6,False,True,True,False
ISIC_0031821,ISIC_0032516,HAM_0003957,HAM_0006539,mel,nv,rosendahl,vidir_modern,images/ISIC_0031821.jpg,images/ISIC_0032516.jpg,6,False,True,True,True
ISIC_0031821,ISIC_0033387,HAM_0003957,HAM_0001105,mel,mel,rosendahl,vidir_modern,images/ISIC_0031821.jpg,images/ISIC_0033387.jpg,6,False,True,False,True
ISIC_0031821,ISIC_0034080,HAM_0003957,HAM_0000421,mel,nv,rosendahl,vidir_modern,images/ISIC_0031821.jpg,images/ISIC_0034080.jpg,6,False,True,True,True
ISIC_0031838,ISIC_0031933,HAM_0002517,HAM_0001455,nv,nv,rosendahl,rosendahl,images/ISIC_0031838.jpg,images/ISIC_0031933.jpg,6,False,True,False,False
ISIC_0031838,ISIC_0033982,HAM_0002517,HAM_0006643,nv,nv,rosendahl,vidir_modern,images/ISIC_0031838.jpg,images/ISIC_0033982.jpg,6,False,True,False,True
ISIC_0031895,ISIC_0033827,HAM_0007316,HAM_0001697,nv,nv,vidir_molemax,vidir_modern,images/ISIC_0031895.jpg,images/ISIC_0033827.jpg,6,False,True,False,True
ISIC_0031896,ISIC_0032341,HAM_0003027,HAM_0003221,nv,nv,vidir_modern,vidir_modern,images/ISIC_0031896.jpg,images/ISIC_0032341.jpg,6,False,True,False,False
ISIC_0031896,ISIC_0033763,HAM_0003027,HAM_0001218,nv,nv,vidir_modern,vidir_modern,images/ISIC_0031896.jpg,images/ISIC_0033763.jpg,6,False,True,False,False
ISIC_0031896,ISIC_0034018,HAM_0003027,HAM_0002569,nv,nv,vidir_modern,vidir_modern,images/ISIC_0031896.jpg,images/ISIC_0034018.jpg,6,False,True,False,False
ISIC_0031896,ISIC_0034128,HAM_0003027,HAM_0004226,nv,nv,vidir_modern,vidir_modern,images/ISIC_0031896.jpg,images/ISIC_0034128.jpg,6,False,True,False,False
ISIC_0031896,ISIC_0034193,HAM_0003027,HAM_0004351,nv,nv,vidir_modern,vidir_modern,images/ISIC_0031896.jpg,images/ISIC_0034193.jpg,6,False,True,False,False
ISIC_0031902,ISIC_0033511,HAM_0005432,HAM_0006147,nv,nv,vidir_molemax,vidir_modern,images/ISIC_0031902.jpg,images/ISIC_0033511.jpg,6,False,True,False,True
ISIC_0031902,ISIC_0033743,HAM_0005432,HAM_0001026,nv,nv,vidir_molemax,vidir_modern,images/ISIC_0031902.jpg,images/ISIC_0033743.jpg,6,False,True,False,True
ISIC_0031932,ISIC_0031933,HAM_0004291,HAM_0001455,nv,nv,rosendahl,rosendahl,images/ISIC_0031932.jpg,images/ISIC_0031933.jpg,6,False,True,False,False
ISIC_0031932,ISIC_0032471,HAM_0004291,HAM_0003932,nv,nv,rosendahl,rosendahl,images/ISIC_0031932.jpg,images/ISIC_0032471.jpg,6,False,True,False,False
ISIC_0031932,ISIC_0032621,HAM_0004291,HAM_0005760,nv,nv,rosendahl,vidir_modern,images/ISIC_0031932.jpg,images/ISIC_0032621.jpg,6,False,True,False,True
ISIC_0031933,ISIC_0032195,HAM_0001455,HAM_0007075,nv,nv,rosendahl,rosendahl,images/ISIC_0031933.jpg,images/ISIC_0032195.jpg,6,False,True,False,False
ISIC_0031933,ISIC_0033237,HAM_0001455,HAM_0001040,nv,nv,rosendahl,vidir_modern,images/ISIC_0031933.jpg,images/ISIC_0033237.jpg,6,False,True,False,True
ISIC_0031933,ISIC_0033561,HAM_0001455,HAM_0004708,nv,nv,rosendahl,vidir_modern,images/ISIC_0031933.jpg,images/ISIC_0033561.jpg,6,False,True,False,True
ISIC_0031950,ISIC_0033237,HAM_0005158,HAM_0001040,vasc,nv,vienna_dias,vidir_modern,images/ISIC_0031950.jpg,images/ISIC_0033237.jpg,6,False,True,True,True
ISIC_0031950,ISIC_0033561,HAM_0005158,HAM_0004708,vasc,nv,vienna_dias,vidir_modern,images/ISIC_0031950.jpg,images/ISIC_0033561.jpg,6,False,True,True,True
ISIC_0032023,ISIC_0032728,HAM_0002698,HAM_0004550,nv,nv,vidir_modern,vidir_modern,images/ISIC_0032023.jpg,images/ISIC_0032728.jpg,6,False,True,False,False
ISIC_0032026,ISIC_0032336,HAM_0002832,HAM_0002460,nv,nv,vidir_modern,vidir_molemax,images/ISIC_0032026.jpg,images/ISIC_0032336.jpg,6,False,True,False,True
ISIC_0032125,ISIC_0032405,HAM_0003305,HAM_0001455,nv,nv,rosendahl,rosendahl,images/ISIC_0032125.jpg,images/ISIC_0032405.jpg,6,False,True,False,False
ISIC_0032125,ISIC_0032824,HAM_0003305,HAM_0004590,nv,nv,rosendahl,vidir_modern,images/ISIC_0032125.jpg,images/ISIC_0032824.jpg,6,False,True,False,True
ISIC_0032125,ISIC_0033743,HAM_0003305,HAM_0001026,nv,nv,rosendahl,vidir_modern,images/ISIC_0032125.jpg,images/ISIC_0033743.jpg,6,False,True,False,True
ISIC_0032157,ISIC_0032336,HAM_0000353,HAM_0002460,nv,nv,rosendahl,vidir_molemax,images/ISIC_0032157.jpg,images/ISIC_0032336.jpg,6,False,True,False,True
ISIC_0032157,ISIC_0033584,HAM_0000353,HAM_0003777,nv,nv,rosendahl,vidir_modern,images/ISIC_0032157.jpg,images/ISIC_0033584.jpg,6,False,True,False,True
ISIC_0032166,ISIC_0034030,HAM_0001960,HAM_0003181,nv,nv,vidir_molemax,vidir_modern,images/ISIC_0032166.jpg,images/ISIC_0034030.jpg,6,False,True,False,True
ISIC_0032195,ISIC_0032228,HAM_0007075,HAM_0003984,nv,nv,rosendahl,vidir_molemax,images/ISIC_0032195.jpg,images/ISIC_0032228.jpg,6,False,True,False,True
ISIC_0032195,ISIC_0032310,HAM_0007075,HAM_0007014,nv,nv,rosendahl,rosendahl,images/ISIC_0032195.jpg,images/ISIC_0032310.jpg,6,False,True,False,False
ISIC_0032195,ISIC_0032471,HAM_0007075,HAM_0003932,nv,nv,rosendahl,rosendahl,images/ISIC_0032195.jpg,images/ISIC_0032471.jpg,6,False,True,False,False
ISIC_0032195,ISIC_0032769,HAM_0007075,HAM_0004444,nv,nv,rosendahl,vidir_modern,images/ISIC_0032195.jpg,images/ISIC_0032769.jpg,6,False,True,False,True
ISIC_0032195,ISIC_0033237,HAM_0007075,HAM_0001040,nv,nv,rosendahl,vidir_modern,images/ISIC_0032195.jpg,images/ISIC_0033237.jpg,6,False,True,False,True
ISIC_0032195,ISIC_0033561,HAM_0007075,HAM_0004708,nv,nv,rosendahl,vidir_modern,images/ISIC_0032195.jpg,images/ISIC_0033561.jpg,6,False,True,False,True
ISIC_0032195,ISIC_0033598,HAM_0007075,HAM_0005496,nv,nv,rosendahl,vidir_modern,images/ISIC_0032195.jpg,images/ISIC_0033598.jpg,6,False,True,False,True
ISIC_0032195,ISIC_0033982,HAM_0007075,HAM_0006643,nv,nv,rosendahl,vidir_modern,images/ISIC_0032195.jpg,images/ISIC_0033982.jpg,6,False,True,False,True
ISIC_0032204,ISIC_0033960,HAM_0005789,HAM_0003535,mel,nv,rosendahl,vidir_modern,images/ISIC_0032204.jpg,images/ISIC_0033960.jpg,6,False,True,True,True
ISIC_0032218,ISIC_0033760,HAM_0006094,HAM_0003681,nv,nv,rosendahl,vidir_modern,images/ISIC_0032218.jpg,images/ISIC_0033760.jpg,6,False,True,False,True
ISIC_0032228,ISIC_0034206,HAM_0003984,HAM_0001133,nv,nv,vidir_molemax,vidir_modern,images/ISIC_0032228.jpg,images/ISIC_0034206.jpg,6,False,True,False,True
ISIC_0032242,ISIC_0032341,HAM_0003951,HAM_0003221,nv,nv,vidir_modern,vidir_modern,images/ISIC_0032242.jpg,images/ISIC_0032341.jpg,6,False,True,False,False
ISIC_0032242,ISIC_0033339,HAM_0003951,HAM_0000316,nv,nv,vidir_modern,vidir_modern,images/ISIC_0032242.jpg,images/ISIC_0033339.jpg,6,False,True,False,False
ISIC_0032242,ISIC_0033763,HAM_0003951,HAM_0001218,nv,nv,vidir_modern,vidir_modern,images/ISIC_0032242.jpg,images/ISIC_0033763.jpg,6,False,True,False,False
ISIC_0032242,ISIC_0034018,HAM_0003951,HAM_0002569,nv,nv,vidir_modern,vidir_modern,images/ISIC_0032242.jpg,images/ISIC_0034018.jpg,6,False,True,False,False
ISIC_0032242,ISIC_0034128,HAM_0003951,HAM_0004226,nv,nv,vidir_modern,vidir_modern,images/ISIC_0032242.jpg,images/ISIC_0034128.jpg,6,False,True,False,False
ISIC_0032310,ISIC_0033818,HAM_0007014,HAM_0002208,nv,nv,rosendahl,vidir_modern,images/ISIC_0032310.jpg,images/ISIC_0033818.jpg,6,False,True,False,True
ISIC_0032336,ISIC_0033152,HAM_0002460,HAM_0001135,nv,mel,vidir_molemax,vidir_modern,images/ISIC_0032336.jpg,images/ISIC_0033152.jpg,6,False,True,True,True
ISIC_0032340,ISIC_0032516,HAM_0001881,HAM_0006539,nv,nv,rosendahl,vidir_modern,images/ISIC_0032340.jpg,images/ISIC_0032516.jpg,6,False,True,False,True
ISIC_0032340,ISIC_0034080,HAM_0001881,HAM_0000421,nv,nv,rosendahl,vidir_modern,images/ISIC_0032340.jpg,images/ISIC_0034080.jpg,6,False,True,False,True
ISIC_0032341,ISIC_0032600,HAM_0003221,HAM_0001930,nv,nv,vidir_modern,vidir_modern,images/ISIC_0032341.jpg,images/ISIC_0032600.jpg,6,False,True,False,False
ISIC_0032341,ISIC_0033339,HAM_0003221,HAM_0000316,nv,nv,vidir_modern,vidir_modern,images/ISIC_0032341.jpg,images/ISIC_0033339.jpg,6,False,True,False,False
ISIC_0032341,ISIC_0033763,HAM_0003221,HAM_0001218,nv,nv,vidir_modern,vidir_modern,images/ISIC_0032341.jpg,images/ISIC_0033763.jpg,6,False,True,False,False
ISIC_0032341,ISIC_0033786,HAM_0003221,HAM_0005052,nv,nv,vidir_modern,vidir_modern,images/ISIC_0032341.jpg,images/ISIC_0033786.jpg,6,False,True,False,False
ISIC_0032341,ISIC_0034128,HAM_0003221,HAM_0004226,nv,nv,vidir_modern,vidir_modern,images/ISIC_0032341.jpg,images/ISIC_0034128.jpg,6,False,True,False,False
ISIC_0032362,ISIC_0033515,HAM_0007127,HAM_0002402,nv,nv,vidir_modern,vidir_modern,images/ISIC_0032362.jpg,images/ISIC_0033515.jpg,6,False,True,False,False
ISIC_0032405,ISIC_0032541,HAM_0001455,HAM_0007415,nv,nv,rosendahl,vidir_modern,images/ISIC_0032405.jpg,images/ISIC_0032541.jpg,6,False,True,False,True
ISIC_0032405,ISIC_0033334,HAM_0001455,HAM_0004272,nv,nv,rosendahl,vidir_modern,images/ISIC_0032405.jpg,images/ISIC_0033334.jpg,6,False,True,False,True
ISIC_0032405,ISIC_0033347,HAM_0001455,HAM_0006080,nv,nv,rosendahl,vidir_modern,images/ISIC_0032405.jpg,images/ISIC_0033347.jpg,6,False,True,False,True
ISIC_0032405,ISIC_0033799,HAM_0001455,HAM_0001912,nv,nv,rosendahl,vidir_modern,images/ISIC_0032405.jpg,images/ISIC_0033799.jpg,6,False,True,False,True
ISIC_0032405,ISIC_0034008,HAM_0001455,HAM_0006610,nv,nv,rosendahl,vidir_modern,images/ISIC_0032405.jpg,images/ISIC_0034008.jpg,6,False,True,False,True
ISIC_0032405,ISIC_0034244,HAM_0001455,HAM_0006121,nv,nv,rosendahl,vidir_modern,images/ISIC_0032405.jpg,images/ISIC_0034244.jpg,6,False,True,False,True
ISIC_0032409,ISIC_0033529,HAM_0001238,HAM_0003162,vasc,bkl,vidir_molemax,vidir_modern,images/ISIC_0032409.jpg,images/ISIC_0033529.jpg,6,False,True,True,True
ISIC_0032475,ISIC_0033561,HAM_0007448,HAM_0004708,nv,nv,vidir_modern,vidir_modern,images/ISIC_0032475.jpg,images/ISIC_0033561.jpg,6,False,True,False,False
ISIC_0032496,ISIC_0032537,HAM_0005578,HAM_0001928,nv,mel,vienna_dias,vidir_modern,images/ISIC_0032496.jpg,images/ISIC_0032537.jpg,6,False,True,True,True
ISIC_0032516,ISIC_0033387,HAM_0006539,HAM_0001105,nv,mel,vidir_modern,vidir_modern,images/ISIC_0032516.jpg,images/ISIC_0033387.jpg,6,False,True,True,False
ISIC_0032540,ISIC_0034061,HAM_0007541,HAM_0000553,nv,mel,vidir_modern,vidir_modern,images/ISIC_0032540.jpg,images/ISIC_0034061.jpg,6,False,True,True,False
ISIC_0032541,ISIC_0033334,HAM_0007415,HAM_0004272,nv,nv,vidir_modern,vidir_modern,images/ISIC_0032541.jpg,images/ISIC_0033334.jpg,6,False,True,False,False
ISIC_0032541,ISIC_0033347,HAM_0007415,HAM_0006080,nv,nv,vidir_modern,vidir_modern,images/ISIC_0032541.jpg,images/ISIC_0033347.jpg,6,False,True,False,False
ISIC_0032541,ISIC_0034244,HAM_0007415,HAM_0006121,nv,nv,vidir_modern,vidir_modern,images/ISIC_0032541.jpg,images/ISIC_0034244.jpg,6,False,True,False,False
ISIC_0032590,ISIC_0033423,HAM_0005351,HAM_0006516,nv,nv,vidir_modern,vidir_modern,images/ISIC_0032590.jpg,images/ISIC_0033423.jpg,6,False,True,False,False
ISIC_0032600,ISIC_0033786,HAM_0001930,HAM_0005052,nv,nv,vidir_modern,vidir_modern,images/ISIC_0032600.jpg,images/ISIC_0033786.jpg,6,False,True,False,False
ISIC_0032610,ISIC_0033501,HAM_0006802,HAM_0006799,mel,nv,vidir_modern,vidir_modern,images/ISIC_0032610.jpg,images/ISIC_0033501.jpg,6,False,True,True,False
ISIC_0032612,ISIC_0033846,HAM_0000402,HAM_0006516,nv,nv,vidir_modern,vidir_modern,images/ISIC_0032612.jpg,images/ISIC_0033846.jpg,6,False,True,False,False
ISIC_0032633,ISIC_0034268,HAM_0007462,HAM_0006666,nv,nv,vidir_modern,vidir_modern,images/ISIC_0032633.jpg,images/ISIC_0034268.jpg,6,False,True,False,False
ISIC_0032636,ISIC_0034298,HAM_0001772,HAM_0007462,bkl,nv,vidir_modern,vidir_modern,images/ISIC_0032636.jpg,images/ISIC_0034298.jpg,6,False,True,True,False
ISIC_0032641,ISIC_0033048,HAM_0006147,HAM_0001615,nv,nv,vidir_modern,vidir_modern,images/ISIC_0032641.jpg,images/ISIC_0033048.jpg,6,False,True,False,False
ISIC_0032670,ISIC_0033763,HAM_0005601,HAM_0001218,nv,nv,vidir_modern,vidir_modern,images/ISIC_0032670.jpg,images/ISIC_0033763.jpg,6,False,True,False,False
ISIC_0032678,ISIC_0034035,HAM_0004344,HAM_0002015,nv,nv,vidir_modern,vidir_modern,images/ISIC_0032678.jpg,images/ISIC_0034035.jpg,6,False,True,False,False
ISIC_0032689,ISIC_0033680,HAM_0007367,HAM_0001641,nv,nv,vidir_modern,vidir_modern,images/ISIC_0032689.jpg,images/ISIC_0033680.jpg,6,False,True,False,False
ISIC_0032703,ISIC_0033142,HAM_0003447,HAM_0003447,nv,nv,vidir_modern,vidir_modern,images/ISIC_0032703.jpg,images/ISIC_0033142.jpg,6,True,False,False,False
ISIC_0032707,ISIC_0032904,HAM_0007124,HAM_0006284,nv,nv,vidir_modern,vidir_modern,images/ISIC_0032707.jpg,images/ISIC_0032904.jpg,6,False,True,False,False
ISIC_0032707,ISIC_0033625,HAM_0007124,HAM_0005300,nv,nv,vidir_modern,vidir_modern,images/ISIC_0032707.jpg,images/ISIC_0033625.jpg,6,False,True,False,False
ISIC_0032720,ISIC_0033244,HAM_0006295,HAM_0000970,nv,nv,vidir_modern,vidir_modern,images/ISIC_0032720.jpg,images/ISIC_0033244.jpg,6,False,True,False,False
ISIC_0032720,ISIC_0034200,HAM_0006295,HAM_0004583,nv,nv,vidir_modern,vidir_modern,images/ISIC_0032720.jpg,images/ISIC_0034200.jpg,6,False,True,False,False
ISIC_0032728,ISIC_0034298,HAM_0004550,HAM_0007462,nv,nv,vidir_modern,vidir_modern,images/ISIC_0032728.jpg,images/ISIC_0034298.jpg,6,False,True,False,False
ISIC_0032781,ISIC_0034069,HAM_0001040,HAM_0003441,nv,nv,vidir_modern,vidir_modern,images/ISIC_0032781.jpg,images/ISIC_0034069.jpg,6,False,True,False,False
ISIC_0032794,ISIC_0032801,HAM_0003133,HAM_0003133,nv,nv,vidir_modern,vidir_modern,images/ISIC_0032794.jpg,images/ISIC_0032801.jpg,6,True,False,False,False
ISIC_0032816,ISIC_0033136,HAM_0000879,HAM_0007494,bcc,nv,vidir_modern,vidir_modern,images/ISIC_0032816.jpg,images/ISIC_0033136.jpg,6,False,True,True,False
ISIC_0032824,ISIC_0033347,HAM_0004590,HAM_0006080,nv,nv,vidir_modern,vidir_modern,images/ISIC_0032824.jpg,images/ISIC_0033347.jpg,6,False,True,False,False
ISIC_0032824,ISIC_0033743,HAM_0004590,HAM_0001026,nv,nv,vidir_modern,vidir_modern,images/ISIC_0032824.jpg,images/ISIC_0033743.jpg,6,False,True,False,False
ISIC_0032824,ISIC_0034008,HAM_0004590,HAM_0006610,nv,nv,vidir_modern,vidir_modern,images/ISIC_0032824.jpg,images/ISIC_0034008.jpg,6,False,True,False,False
ISIC_0032824,ISIC_0034244,HAM_0004590,HAM_0006121,nv,nv,vidir_modern,vidir_modern,images/ISIC_0032824.jpg,images/ISIC_0034244.jpg,6,False,True,False,False
ISIC_0032838,ISIC_0033840,HAM_0001264,HAM_0004503,nv,nv,vidir_modern,vidir_modern,images/ISIC_0032838.jpg,images/ISIC_0033840.jpg,6,False,True,False,False
ISIC_0032943,ISIC_0033442,HAM_0002417,HAM_0002417,nv,nv,vidir_modern,vidir_modern,images/ISIC_0032943.jpg,images/ISIC_0033442.jpg,6,True,False,False,False
ISIC_0032946,ISIC_0033153,HAM_0003649,HAM_0003649,nv,nv,vidir_modern,vidir_modern,images/ISIC_0032946.jpg,images/ISIC_0033153.jpg,6,True,False,False,False
ISIC_0032957,ISIC_0033846,HAM_0004272,HAM_0006516,nv,nv,vidir_modern,vidir_modern,images/ISIC_0032957.jpg,images/ISIC_0033846.jpg,6,False,True,False,False
ISIC_0032959,ISIC_0033369,HAM_0003427,HAM_0007343,bcc,mel,vidir_modern,vidir_modern,images/ISIC_0032959.jpg,images/ISIC_0033369.jpg,6,False,True,True,False
ISIC_0032966,ISIC_0034200,HAM_0004076,HAM_0004583,nv,nv,vidir_modern,vidir_modern,images/ISIC_0032966.jpg,images/ISIC_0034200.jpg,6,False,True,False,False
ISIC_0032985,ISIC_0033016,HAM_0002552,HAM_0005135,mel,nv,vidir_modern,vidir_modern,images/ISIC_0032985.jpg,images/ISIC_0033016.jpg,6,False,True,True,False
ISIC_0033018,ISIC_0033743,HAM_0007415,HAM_0001026,nv,nv,vidir_modern,vidir_modern,images/ISIC_0033018.jpg,images/ISIC_0033743.jpg,6,False,True,False,False
ISIC_0033018,ISIC_0033840,HAM_0007415,HAM_0004503,nv,nv,vidir_modern,vidir_modern,images/ISIC_0033018.jpg,images/ISIC_0033840.jpg,6,False,True,False,False
ISIC_0033133,ISIC_0034205,HAM_0003803,HAM_0007583,nv,mel,vidir_modern,vidir_modern,images/ISIC_0033133.jpg,images/ISIC_0034205.jpg,6,False,True,True,False
ISIC_0033212,ISIC_0034063,HAM_0001385,HAM_0002596,bkl,nv,vidir_modern,vidir_modern,images/ISIC_0033212.jpg,images/ISIC_0034063.jpg,6,False,True,True,False
ISIC_0033216,ISIC_0034215,HAM_0000611,HAM_0004088,mel,nv,vidir_modern,vidir_modern,images/ISIC_0033216.jpg,images/ISIC_0034215.jpg,6,False,True,True,False
ISIC_0033263,ISIC_0033815,HAM_0005759,HAM_0005759,nv,nv,vidir_modern,vidir_modern,images/ISIC_0033263.jpg,images/ISIC_0033815.jpg,6,True,False,False,False
ISIC_0033279,ISIC_0033373,HAM_0006802,HAM_0004176,mel,nv,vidir_modern,vidir_modern,images/ISIC_0033279.jpg,images/ISIC_0033373.jpg,6,False,True,True,False
ISIC_0033282,ISIC_0033818,HAM_0004716,HAM_0002208,nv,nv,vidir_modern,vidir_modern,images/ISIC_0033282.jpg,images/ISIC_0033818.jpg,6,False,True,False,False
ISIC_0033334,ISIC_0033461,HAM_0004272,HAM_0000294,nv,nv,vidir_modern,vidir_modern,images/ISIC_0033334.jpg,images/ISIC_0033461.jpg,6,False,True,False,False
ISIC_0033347,ISIC_0033799,HAM_0006080,HAM_0001912,nv,nv,vidir_modern,vidir_modern,images/ISIC_0033347.jpg,images/ISIC_0033799.jpg,6,False,True,False,False
ISIC_0033347,ISIC_0034244,HAM_0006080,HAM_0006121,nv,nv,vidir_modern,vidir_modern,images/ISIC_0033347.jpg,images/ISIC_0034244.jpg,6,False,True,False,False
ISIC_0033409,ISIC_0033840,HAM_0005539,HAM_0004503,nv,nv,vidir_modern,vidir_modern,images/ISIC_0033409.jpg,images/ISIC_0033840.jpg,6,False,True,False,False
ISIC_0033419,ISIC_0033669,HAM_0006182,HAM_0006182,nv,nv,vidir_modern,vidir_modern,images/ISIC_0033419.jpg,images/ISIC_0033669.jpg,6,True,False,False,False
ISIC_0033514,ISIC_0033876,HAM_0005185,HAM_0005185,nv,nv,vidir_modern,vidir_modern,images/ISIC_0033514.jpg,images/ISIC_0033876.jpg,6,True,False,False,False
ISIC_0033598,ISIC_0034206,HAM_0005496,HAM_0001133,nv,nv,vidir_modern,vidir_modern,images/ISIC_0033598.jpg,images/ISIC_0034206.jpg,6,False,True,False,False
ISIC_0033743,ISIC_0033799,HAM_0001026,HAM_0001912,nv,nv,vidir_modern,vidir_modern,images/ISIC_0033743.jpg,images/ISIC_0033799.jpg,6,False,True,False,False
ISIC_0033749,ISIC_0033846,HAM_0001852,HAM_0006516,vasc,nv,vidir_modern,vidir_modern,images/ISIC_0033749.jpg,images/ISIC_0033846.jpg,6,False,True,True,False
ISIC_0033760,ISIC_0034213,HAM_0003681,HAM_0005194,nv,nv,vidir_modern,vidir_modern,images/ISIC_0033760.jpg,images/ISIC_0034213.jpg,6,False,True,False,False
ISIC_0033763,ISIC_0034018,HAM_0001218,HAM_0002569,nv,nv,vidir_modern,vidir_modern,images/ISIC_0033763.jpg,images/ISIC_0034018.jpg,6,False,True,False,False
ISIC_0033763,ISIC_0034128,HAM_0001218,HAM_0004226,nv,nv,vidir_modern,vidir_modern,images/ISIC_0033763.jpg,images/ISIC_0034128.jpg,6,False,True,False,False
ISIC_0033797,ISIC_0034008,HAM_0004205,HAM_0006610,nv,nv,vidir_modern,vidir_modern,images/ISIC_0033797.jpg,images/ISIC_0034008.jpg,6,False,True,False,False
ISIC_0033799,ISIC_0034244,HAM_0001912,HAM_0006121,nv,nv,vidir_modern,vidir_modern,images/ISIC_0033799.jpg,images/ISIC_0034244.jpg,6,False,True,False,False
ISIC_0033823,ISIC_0034230,HAM_0000704,HAM_0001264,nv,nv,vidir_modern,vidir_modern,images/ISIC_0033823.jpg,images/ISIC_0034230.jpg,6,False,True,False,False
ISIC_0033823,ISIC_0034268,HAM_0000704,HAM_0006666,nv,nv,vidir_modern,vidir_modern,images/ISIC_0033823.jpg,images/ISIC_0034268.jpg,6,False,True,False,False
ISIC_0034023,ISIC_0034301,HAM_0003634,HAM_0001943,nv,nv,vidir_modern,vidir_modern,images/ISIC_0034023.jpg,images/ISIC_0034301.jpg,6,False,True,False,False
ISIC_0034102,ISIC_0034157,HAM_0003713,HAM_0002721,nv,nv,vidir_modern,vidir_modern,images/ISIC_0034102.jpg,images/ISIC_0034157.jpg,6,False,True,False,False
ISIC_0034205,ISIC_0034286,HAM_0007583,HAM_0004176,mel,nv,vidir_modern,vidir_modern,images/ISIC_0034205.jpg,images/ISIC_0034286.jpg,6,False,True,True,False
ISIC_0034207,ISIC_0034292,HAM_0007475,HAM_0007475,nv,nv,vidir_modern,vidir_modern,images/ISIC_0034207.jpg,images/ISIC_0034292.jpg,6,True,False,False,False
ISIC_0034228,ISIC_0034248,HAM_0004213,HAM_0004214,nv,nv,vidir_modern,vidir_modern,images/ISIC_0034228.jpg,images/ISIC_0034248.jpg,6,False,True,False,False
ISIC_0034230,ISIC_0034268,HAM_0001264,HAM_0006666,nv,nv,vidir_modern,vidir_modern,images/ISIC_0034230.jpg,images/ISIC_0034268.jpg,6,False,True,False,False
ISIC_0034288,ISIC_0034298,HAM_0003606,HAM_0007462,nv,nv,vidir_modern,vidir_modern,images/ISIC_0034288.jpg,images/ISIC_0034298.jpg,6,False,True,False,False
